tag,seed,params,best_epoch,epochs_run,train_sec,protocol,prep,val_macro_auc,val_micro_auc,val_macro_ap,val_macro_f1,val_micro_f1,val_weighted_f1,val_subset_acc,val_auc_NORM,val_ap_NORM,val_f1_NORM,val_prec_NORM,val_rec_NORM,val_spec_NORM,val_tp_NORM,val_fp_NORM,val_fn_NORM,val_tn_NORM,val_auc_MI,val_ap_MI,val_f1_MI,val_prec_MI,val_rec_MI,val_spec_MI,val_tp_MI,val_fp_MI,val_fn_MI,val_tn_MI,val_auc_STTC,val_ap_STTC,val_f1_STTC,val_prec_STTC,val_rec_STTC,val_spec_STTC,val_tp_STTC,val_fp_STTC,val_fn_STTC,val_tn_STTC,val_auc_CD,val_ap_CD,val_f1_CD,val_prec_CD,val_rec_CD,val_spec_CD,val_tp_CD,val_fp_CD,val_fn_CD,val_tn_CD,val_auc_HYP,val_ap_HYP,val_f1_HYP,val_prec_HYP,val_rec_HYP,val_spec_HYP,val_tp_HYP,val_fp_HYP,val_fn_HYP,val_tn_HYP,test_macro_auc,test_micro_auc,test_macro_ap,test_macro_f1,test_micro_f1,test_weighted_f1,test_subset_acc,test_auc_NORM,test_ap_NORM,test_f1_NORM,test_prec_NORM,test_rec_NORM,test_spec_NORM,test_tp_NORM,test_fp_NORM,test_fn_NORM,test_tn_NORM,test_auc_MI,test_ap_MI,test_f1_MI,test_prec_MI,test_rec_MI,test_spec_MI,test_tp_MI,test_fp_MI,test_fn_MI,test_tn_MI,test_auc_STTC,test_ap_STTC,test_f1_STTC,test_prec_STTC,test_rec_STTC,test_spec_STTC,test_tp_STTC,test_fp_STTC,test_fn_STTC,test_tn_STTC,test_auc_CD,test_ap_CD,test_f1_CD,test_prec_CD,test_rec_CD,test_spec_CD,test_tp_CD,test_fp_CD,test_fn_CD,test_tn_CD,test_auc_HYP,test_ap_HYP,test_f1_HYP,test_prec_HYP,test_rec_HYP,test_spec_HYP,test_tp_HYP,test_fp_HYP,test_fn_HYP,test_tn_HYP
abl_arch_z,123,112364,17,24,2641.6824231147766,ours,zscore,0.9124428281353529,0.9294754821799979,0.7754995784419438,0.7254617189734061,0.7658107875236947,0.7686349217898539,0.5908667287977633,0.9401101630465841,0.9190684262357144,0.8582995951417004,0.8305582761998042,0.8879581151832461,0.8547439126784215,848.0,173.0,107.0,1018.0,0.9258106175914395,0.8224799245835042,0.7478260869565218,0.7049180327868853,0.7962962962962963,0.887920298879203,430.0,180.0,110.0,1426.0,0.9319188485597633,0.7895476692787081,0.7550274223034735,0.7296819787985865,0.7821969696969697,0.9054388133498146,413.0,153.0,115.0,1465.0,0.9356447576920018,0.8647959745933516,0.7926455566905005,0.8016528925619835,0.7838383838383839,0.9418534221683827,388.0,96.0,107.0,1555.0,0.8287297537869757,0.4816058975184407,0.4735099337748344,0.4255952380952381,0.5335820895522388,0.8972310969116081,143.0,193.0,125.0,1685.0,0.9110635753761995,0.9278598750690537,0.7810303506268118,0.7214082395014445,0.7633561643835617,0.7670995924707797,0.5769230769230769,0.9440156067380093,0.9238878193526422,0.8596926127912742,0.8225806451612904,0.9003115264797508,0.8435146443514644,867.0,187.0,96.0,1008.0,0.9283254183627319,0.8338548619420924,0.7610008628127696,0.7241379310344828,0.8018181818181818,0.8955223880597015,441.0,168.0,109.0,1440.0,0.9351934686947825,0.8335313121423945,0.7601476014760148,0.7317939609236235,0.7907869481765835,0.9077580940745266,412.0,151.0,109.0,1486.0,0.9230619929350569,0.8427921576323806,0.7607105538140021,0.789587852494577,0.7338709677419355,0.9416365824308063,364.0,97.0,132.0,1565.0,0.8247213901504172,0.4710856020645492,0.4654895666131621,0.40166204986149584,0.5534351145038168,0.8860759493670886,145.0,216.0,117.0,1680.0
abl_arch_z,2025,112364,14,24,2653.209658384323,ours,zscore,0.9134105141138873,0.9304835255619198,0.7779968287579433,0.7269368289881538,0.7660414610069102,0.769809663253865,0.5521901211556384,0.9379288819725604,0.910296100781799,0.8571428571428571,0.7817083692838654,0.9486910994764398,0.7875734676742233,906.0,253.0,49.0,938.0,0.9306431898897651,0.8409945153805849,0.7537777777777778,0.7247863247863248,0.7851851851851852,0.8997509339975094,424.0,161.0,116.0,1445.0,0.9331128029366595,0.8004337393682209,0.7582139848357203,0.6828528072837633,0.8522727272727273,0.8708281829419036,450.0,209.0,78.0,1409.0,0.9381201475689663,0.8651124436672479,0.7910750507099391,0.7942973523421588,0.7878787878787878,0.9388249545729861,390.0,101.0,105.0,1550.0,0.8272475482014846,0.473147344591864,0.4744744744744745,0.3969849246231156,0.5895522388059702,0.8722044728434505,158.0,240.0,110.0,1638.0,0.9116287579193022,0.9280276731073887,0.7806763385060708,0.7127661067865041,0.7537835638730676,0.757404396501424,0.5384615384615384,0.9424975125675082,0.9172565144752471,0.8493277700509968,0.7671691792294807,0.9511941848390446,0.7673640167364016,916.0,278.0,47.0,917.0,0.9246076436001809,0.829489052701676,0.7328111401218451,0.7028380634390651,0.7654545454545455,0.8893034825870647,421.0,178.0,129.0,1430.0,0.936044705156781,0.8330201915200458,0.7629566694987255,0.6844512195121951,0.8618042226487524,0.8735491753207086,449.0,207.0,72.0,1430.0,0.9209379003144288,0.8491472836745764,0.7560483870967742,0.7560483870967742,0.7560483870967742,0.9271961492178099,375.0,121.0,121.0,1541.0,0.8340560279576128,0.47446865015880907,0.4626865671641791,0.3799019607843137,0.5916030534351145,0.8665611814345991,155.0,253.0,107.0,1643.0
abl_arch_z,42,112364,14,24,2386.339161157608,ours,zscore,0.9099019082211441,0.9269773780787117,0.7750581552817062,0.7241642884533711,0.7674735765427889,0.7675440382272395,0.5824790307548928,0.9392867975786988,0.9121673744817069,0.8607594936708861,0.8043676069153776,0.9256544502617801,0.8194794290512175,884.0,215.0,71.0,976.0,0.9261081130944144,0.8287521088221985,0.7490974729241877,0.7306338028169014,0.7685185185185185,0.9047322540473225,415.0,153.0,125.0,1453.0,0.9334405551185526,0.7935605605808141,0.7506426735218509,0.6854460093896714,0.8295454545454546,0.8757725587144622,438.0,201.0,90.0,1417.0,0.9317793317793319,0.8631626778323069,0.7829698857736241,0.8055555555555556,0.7616161616161616,0.9448818897637795,377.0,91.0,118.0,1560.0,0.8188947435347226,0.47764805469150384,0.47735191637630664,0.4477124183006536,0.5111940298507462,0.9100106496272631,137.0,169.0,131.0,1709.0,0.909522812178367,0.9242619573231416,0.776436118697415,0.7213681645512762,0.7637835103692463,0.7645060422712232,0.5815569972196478,0.942228131232159,0.9208399006656744,0.8532066508313539,0.7863397548161121,0.9325025960539979,0.7958158995815899,898.0,244.0,65.0,951.0,0.9253957485300769,0.8288262269123249,0.7480106100795756,0.7280550774526678,0.769090909090909,0.9017412935323383,423.0,158.0,127.0,1450.0,0.9362405129930811,0.8267304119785801,0.7745358090185677,0.7180327868852459,0.8406909788867563,0.8949297495418448,438.0,172.0,83.0,1465.0,0.9164495264159,0.8325973317928128,0.7494824016563147,0.7702127659574468,0.7298387096774194,0.9350180505415162,362.0,108.0,134.0,1554.0,0.8273001417206172,0.47318672213768276,0.4816053511705686,0.42857142857142855,0.549618320610687,0.8987341772151899,144.0,192.0,118.0,1704.0
abl_arch_z,456,112364,13,24,2646.50612282753,ours,zscore,0.9133886012563857,0.929687889707493,0.779963211067754,0.7286502169524094,0.7695501730103806,0.7697737069075833,0.5945945945945946,0.9411489311195221,0.9182433556386167,0.8574327752409944,0.8316929133858267,0.8848167539267016,0.8564231738035264,845.0,171.0,110.0,1020.0,0.9282620727826209,0.8331839627976871,0.7515047291487532,0.7014446227929374,0.8092592592592592,0.8841843088418431,437.0,186.0,103.0,1420.0,0.9318029647525939,0.795211066090367,0.7511071744906997,0.7054908485856906,0.803030303030303,0.8906056860321384,424.0,177.0,104.0,1441.0,0.9365661460149649,0.8678180768201422,0.7905056759545923,0.8080168776371308,0.7737373737373737,0.9448818897637795,383.0,91.0,112.0,1560.0,0.8291628916122263,0.48535959399195716,0.4927007299270073,0.48214285714285715,0.503731343283582,0.922790202342918,135.0,145.0,133.0,1733.0,0.9100400718478102,0.9267178005102996,0.7790070772297313,0.7216656033191298,0.7662001036806636,0.7661932557614813,0.5894346617238183,0.9432196283406545,0.9201319741735716,0.858701041150223,0.8216318785578748,0.8992731048805815,0.8426778242677824,866.0,188.0,97.0,1007.0,0.929142921754862,0.8324540995451402,0.75,0.7044728434504792,0.8018181818181818,0.8849502487562189,441.0,185.0,109.0,1423.0,0.9347690229657969,0.8318406355940404,0.7693710118505014,0.7326388888888888,0.8099808061420346,0.9059254734270006,422.0,154.0,99.0,1483.0,0.9188647568029191,0.8428972935616567,0.7547568710359408,0.7933333333333333,0.719758064516129,0.944043321299639,357.0,93.0,139.0,1569.0,0.824204029374819,0.46771138327424805,0.47549909255898365,0.4532871972318339,0.5,0.9166666666666666,131.0,158.0,131.0,1738.0
abl_arch_z,789,112364,11,24,2645.653012275696,ours,zscore,0.9139106425576944,0.9294836603894165,0.7802483574939496,0.7291130541486147,0.7681802663024924,0.770364314460205,0.5880708294501398,0.9405866863606192,0.918556698950933,0.8575609756097561,0.8027397260273973,0.9204188481675393,0.818639798488665,879.0,216.0,76.0,975.0,0.927995710529957,0.833559588672269,0.7518382352941176,0.7463503649635036,0.7574074074074074,0.9134495641344956,409.0,139.0,131.0,1467.0,0.9326761902086377,0.787223618271805,0.7589285714285714,0.7179054054054054,0.8049242424242424,0.8967861557478368,425.0,167.0,103.0,1451.0,0.9356686183457839,0.8641016086568042,0.7852760736196319,0.7950310559006211,0.7757575757575758,0.9400363416111448,384.0,99.0,111.0,1552.0,0.8326260073434744,0.4978002729179369,0.4919614147909968,0.4322033898305085,0.5708955223880597,0.8929712460063898,153.0,201.0,115.0,1677.0,0.9107542753214568,0.9260763883664326,0.7801192289109157,0.717433479439377,0.7595665424991535,0.7615572520263459,0.5797034291010195,0.9415590227540331,0.9203202782366882,0.8523809523809524,0.7871591908531222,0.9293873312564901,0.797489539748954,895.0,242.0,68.0,953.0,0.9260741745816372,0.8283656694067137,0.7405405405405405,0.7339285714285714,0.7472727272727273,0.9073383084577115,411.0,149.0,139.0,1459.0,0.9343492672448666,0.8232159863566244,0.7586206896551724,0.7194492254733219,0.8023032629558541,0.9004276114844227,418.0,163.0,103.0,1474.0,0.9196775164007607,0.8402938863442951,0.7656090071647902,0.7775467775467776,0.7540322580645161,0.9356197352587244,374.0,107.0,122.0,1555.0,0.8321113956259863,0.48840032421025703,0.4700162074554295,0.4084507042253521,0.5534351145038168,0.8892405063291139,145.0,210.0,117.0,1686.0
abl_half,123,56444,17,24,1076.477650642395,ours,mv,0.9337153129578667,0.9423607481371755,0.8280404276083762,0.7609246042525111,0.7925111645482652,0.790208474411969,0.6206896551724138,0.9499166963394745,0.9348127156750576,0.8655992236778263,0.8065099457504521,0.9340314136125655,0.8203190596137699,892.0,214.0,63.0,977.0,0.9402230063188968,0.8622400128543393,0.7716814159292036,0.7389830508474576,0.8074074074074075,0.9041095890410958,436.0,154.0,104.0,1452.0,0.9383170393677193,0.8106228531443016,0.7603603603603604,0.7250859106529209,0.7992424242424242,0.9011124845488258,422.0,160.0,106.0,1458.0,0.9408402621001045,0.8779637408461535,0.7912957467853611,0.7751937984496124,0.8080808080808081,0.9297395517867959,400.0,116.0,95.0,1535.0,0.8992795606631381,0.6545628155220282,0.615686274509804,0.6487603305785123,0.585820895522388,0.9547390841320553,157.0,85.0,111.0,1793.0,0.9300967624847812,0.9399097177589526,0.8320376902949329,0.7613881143629504,0.7940573770491803,0.7914863008306323,0.6158480074142725,0.9512228609166785,0.9326204939843332,0.8641741599621391,0.7939130434782609,0.9480789200415368,0.801673640167364,913.0,237.0,50.0,958.0,0.9356388511985528,0.857921482686897,0.768695652173913,0.7366666666666667,0.8036363636363636,0.9017412935323383,442.0,158.0,108.0,1450.0,0.9425602988473132,0.8467283178899855,0.783410138248848,0.7535460992907801,0.8157389635316699,0.9150885766646304,425.0,139.0,96.0,1498.0,0.9276401343115562,0.8651555418135154,0.7792207792207793,0.7722772277227723,0.7862903225806451,0.9308062575210589,390.0,115.0,106.0,1547.0,0.8934216671498051,0.6577626150999334,0.611439842209073,0.6326530612244898,0.5916030534351145,0.9525316455696202,155.0,90.0,107.0,1806.0
abl_half,42,56444,16,24,1078.6525552272797,ours,mv,0.93199098972933,0.9413828421347132,0.8249889345519357,0.7603328250740553,0.7916093535075653,0.7910544455898745,0.6174277726001864,0.9488045155419573,0.932774351797698,0.865657059110894,0.8113553113553114,0.9277486910994764,0.8270361041141897,886.0,206.0,69.0,985.0,0.9366599787832666,0.8556732363528733,0.7711487088156723,0.7427101200686106,0.8018518518518518,0.9066002490660025,433.0,150.0,107.0,1456.0,0.9371944881447354,0.8095206163911282,0.7706255666364461,0.7391304347826086,0.8049242424242424,0.907292954264524,425.0,150.0,103.0,1468.0,0.9375633989807218,0.8762887669249344,0.7938775510204081,0.8020618556701031,0.7858585858585858,0.9418534221683827,389.0,96.0,106.0,1555.0,0.899732567195969,0.6506877012930448,0.6003552397868561,0.5728813559322034,0.6305970149253731,0.9329073482428115,169.0,126.0,99.0,1752.0,0.9277820056344159,0.9384253746101282,0.8238323255016636,0.7556527079882166,0.790521978021978,0.7891488354646198,0.6153846153846154,0.9501505494075783,0.9316348538151754,0.8650190114068441,0.7975460122699386,0.944963655244029,0.8066945606694561,910.0,231.0,53.0,964.0,0.9353606965174129,0.8524299593945304,0.768141592920354,0.7482758620689656,0.7890909090909091,0.9092039800995025,434.0,146.0,116.0,1462.0,0.9430679922192766,0.834392289293965,0.7851851851851852,0.7584973166368515,0.8138195777351248,0.9175320708613317,424.0,135.0,97.0,1502.0,0.9192080567524553,0.8556513126501568,0.7796257796257796,0.8047210300429185,0.7560483870967742,0.9452466907340553,375.0,91.0,121.0,1571.0,0.8911227332753567,0.6450532123544905,0.5802919708029197,0.5559440559440559,0.6068702290076335,0.9330168776371308,159.0,127.0,103.0,1769.0
abl_half,456,56444,22,24,1049.7518968582153,ours,mv,0.9353843041124492,0.9440290124916049,0.8294301013437654,0.7605169548213221,0.7922912205567452,0.7906001004950952,0.6407269338303822,0.9501277029729954,0.9350186782724599,0.8632218844984803,0.8361138370951914,0.8921465968586387,0.8597816960537363,852.0,167.0,103.0,1024.0,0.9407315160739818,0.8628113609774569,0.7708138447146866,0.77882797731569,0.762962962962963,0.927148194271482,412.0,117.0,128.0,1489.0,0.9372097052103233,0.811520219216709,0.7696381288614298,0.7206611570247934,0.8257575757575758,0.8955500618046972,436.0,169.0,92.0,1449.0,0.9438687296955013,0.8800535218907408,0.7961165048543689,0.8541666666666666,0.7454545454545455,0.9618413082980012,369.0,63.0,126.0,1588.0,0.9049838666094446,0.6577467263614599,0.6027944111776448,0.648068669527897,0.5634328358208955,0.9563365282215123,151.0,82.0,117.0,1796.0,0.9314160493828126,0.9413763272480011,0.8326729813868304,0.7583166131785338,0.7908555099124843,0.7885357695685664,0.6316033364226136,0.9522960413978285,0.934180028959656,0.8651348651348651,0.8334937439846006,0.8992731048805815,0.8552301255230126,866.0,173.0,97.0,1022.0,0.9361227951153324,0.8629921556933228,0.7673772011121409,0.782608695652174,0.7527272727272727,0.9284825870646766,414.0,115.0,136.0,1493.0,0.9422484133116498,0.8461419078853285,0.7774798927613941,0.7274247491638796,0.8349328214971209,0.9004276114844227,435.0,163.0,86.0,1474.0,0.9304508268312565,0.8638052923839652,0.7665198237885462,0.8446601941747572,0.7016129032258065,0.9614921780986763,348.0,64.0,148.0,1598.0,0.8959621702579961,0.6562455220118799,0.615071283095723,0.6593886462882096,0.5763358778625954,0.9588607594936709,151.0,78.0,111.0,1818.0
abl_insample,123,112364,14,24,1487.4995682239532,ours,mv,0.9349761379337054,0.9434128002261342,0.8309570827910633,0.7635385824784022,0.7934084995663486,0.793978334303576,0.6276794035414726,0.950488172638594,0.9356440893497768,0.8703517587939699,0.8367149758454107,0.9068062827225131,0.8581024349286314,866.0,169.0,89.0,1022.0,0.9398563258152299,0.8608994974941431,0.7736842105263158,0.735,0.8166666666666667,0.9009962640099627,441.0,159.0,99.0,1447.0,0.9412995842229464,0.8215254698841794,0.7728085867620751,0.7322033898305085,0.8181818181818182,0.9023485784919654,432.0,158.0,96.0,1460.0,0.9422364162521643,0.8812701480524011,0.7910922587486744,0.8325892857142857,0.7535353535353535,0.9545729860690491,373.0,75.0,122.0,1576.0,0.9010001907395928,0.6554462091748159,0.6097560975609756,0.5718954248366013,0.6529850746268657,0.93024494142705,175.0,131.0,93.0,1747.0,0.9312796041012905,0.9402219824297048,0.8295994572639749,0.7619456924235232,0.7923743500866551,0.7920873046783851,0.6255792400370713,0.9514235934601163,0.933330239483744,0.8694798822374877,0.8241860465116279,0.9200415368639667,0.8418410041841005,886.0,189.0,77.0,1006.0,0.933851198552691,0.8515404932044385,0.7681779298545766,0.7253634894991923,0.8163636363636364,0.8942786069651741,449.0,170.0,101.0,1438.0,0.9433787052529263,0.8400976152598146,0.7803521779425394,0.7544802867383512,0.8080614203454894,0.916310323762981,421.0,137.0,100.0,1500.0,0.9253304413648538,0.8600078500400179,0.771397616468039,0.8337236533957846,0.717741935483871,0.957280385078219,356.0,71.0,140.0,1591.0,0.9024140818758657,0.6630210883318595,0.6203208556149733,0.5819397993311036,0.6641221374045801,0.9340717299578059,174.0,125.0,88.0,1771.0
abl_insample,2025,112364,14,24,1423.754950761795,ours,mv,0.9344576532192612,0.9430051548925753,0.8273018404158325,0.7606742473761416,0.7909681833732467,0.7902811067254244,0.6160298229263746,0.9482268848826935,0.9327633767630988,0.8659594985535197,0.8025022341376229,0.9403141361256544,0.8144416456759026,898.0,221.0,57.0,970.0,0.9367718278677184,0.8560089569684836,0.7652790079716564,0.733446519524618,0.8,0.902241594022416,432.0,157.0,108.0,1449.0,0.9402624826759561,0.8091811750701197,0.768270944741533,0.7255892255892256,0.8162878787878788,0.8992583436341162,431.0,163.0,97.0,1455.0,0.941399457934891,0.880388204691273,0.7911857292759706,0.8231441048034934,0.7616161616161616,0.9509388249545729,377.0,81.0,118.0,1570.0,0.9056276127350469,0.6581674885861875,0.6126760563380281,0.58,0.6492537313432836,0.9329073482428115,174.0,126.0,94.0,1752.0,0.9285129790458757,0.9388273823470193,0.825244773376129,0.7558623735898503,0.7876712328767124,0.7866095950678377,0.6065801668211307,0.9495387930847204,0.9280191735719238,0.8635282929148835,0.7964912280701755,0.9428868120456906,0.8058577405857741,908.0,232.0,55.0,963.0,0.9349762550881955,0.849811865760736,0.7682926829268293,0.7374581939799331,0.8018181818181818,0.902363184079602,441.0,157.0,109.0,1451.0,0.9412119215314751,0.8365970850930503,0.775623268698061,0.7473309608540926,0.8061420345489443,0.9132559560171044,420.0,142.0,101.0,1495.0,0.9223996545165172,0.852508901625058,0.7630180658873539,0.8067415730337079,0.7237903225806451,0.9482551143200962,359.0,86.0,137.0,1576.0,0.894438271008471,0.6592868408298773,0.6088495575221239,0.5676567656765676,0.6564885496183206,0.9309071729957806,172.0,131.0,90.0,1765.0
abl_insample,42,112364,16,24,1484.2682919502258,ours,mv,0.9351435112910963,0.9434840545700738,0.8290982960369876,0.7607595090338373,0.7920997920997921,0.793098760767523,0.630009319664492,0.9504354209802138,0.9350438586252355,0.8714069591527988,0.8404669260700389,0.9047120418848168,0.8623005877413937,864.0,164.0,91.0,1027.0,0.9384357271343573,0.8597794040998725,0.7657657657657657,0.7456140350877193,0.7870370370370371,0.9097135740971357,425.0,145.0,115.0,1461.0,0.9394372495036895,0.811385543095058,0.771806167400881,0.7215815485996705,0.8295454545454546,0.8955500618046972,438.0,169.0,90.0,1449.0,0.9438002067923328,0.8879383852349673,0.8041450777202073,0.825531914893617,0.7838383838383839,0.9503331314354937,388.0,82.0,107.0,1569.0,0.9036089520448873,0.6513442891298046,0.5906735751295337,0.5498392282958199,0.6380597014925373,0.9254526091586794,171.0,140.0,97.0,1738.0,0.9305833208637708,0.9398948949271702,0.8290731717533975,0.7557825885021511,0.7889525794684732,0.7891570394839437,0.6227988878591288,0.9521526610096585,0.9330710880253588,0.8732673267326733,0.8344370860927153,0.9158878504672897,0.8535564853556485,882.0,175.0,81.0,1020.0,0.93239710538218,0.8458157274354907,0.7480245829675154,0.7232597623089984,0.7745454545454545,0.8986318407960199,426.0,163.0,124.0,1445.0,0.9427971442540953,0.843260980186673,0.7838827838827839,0.7495621716287215,0.8214971209213052,0.9126450824679292,428.0,143.0,93.0,1494.0,0.9261007433717634,0.8620498783495623,0.7804878048780488,0.8232662192393736,0.7419354838709677,0.9524669073405535,368.0,79.0,128.0,1583.0,0.8994689503011564,0.6611681847699028,0.5932504440497336,0.5548172757475083,0.6374045801526718,0.929324894514768,167.0,134.0,95.0,1762.0
abl_insample,456,112364,13,24,1487.6935379505157,ours,mv,0.9361995328672845,0.9442117796578924,0.8299442515540776,0.7602280850531418,0.7917808219178082,0.7897689769127735,0.6164958061509785,0.9513234072296147,0.9376786474843877,0.8652278177458034,0.7982300884955752,0.9445026178010472,0.8085642317380353,902.0,228.0,53.0,963.0,0.9411662284949956,0.8642833446933289,0.7697654213727194,0.7250409165302782,0.8203703703703704,0.8953922789539228,443.0,168.0,97.0,1438.0,0.9383334269768139,0.8082177669099778,0.7670995670995671,0.7065390749601276,0.8390151515151515,0.8862793572311496,443.0,184.0,85.0,1434.0,0.9418289497029656,0.8776678481051964,0.7857142857142857,0.8461538461538461,0.7333333333333333,0.9600242277407631,363.0,66.0,132.0,1585.0,0.9083456519320331,0.6618736505774967,0.6133333333333333,0.6264591439688716,0.6007462686567164,0.9488817891373802,161.0,96.0,107.0,1782.0,0.9312336329082285,0.9401688710143151,0.8292711828508498,0.7576443298791686,0.7901532105353761,0.7869052140456025,0.6172381835032438,0.9511246670750835,0.933572319243352,0.8641278796426892,0.7895189003436426,0.9543094496365524,0.7949790794979079,919.0,245.0,44.0,950.0,0.9360345997286296,0.8536840166636912,0.7640449438202247,0.728171334431631,0.8036363636363636,0.8973880597014925,442.0,165.0,108.0,1443.0,0.940786303300476,0.8376097025117287,0.776386404293381,0.7269681742043551,0.8330134357005758,0.9004276114844227,434.0,163.0,87.0,1474.0,0.9261165133341098,0.8588931827876558,0.7591564927857936,0.8444444444444444,0.6895161290322581,0.9620938628158845,342.0,63.0,154.0,1599.0,0.9021060811028441,0.6625966930478212,0.6245059288537549,0.6475409836065574,0.6030534351145038,0.9546413502109705,158.0,86.0,104.0,1810.0
abl_insample,789,112364,17,24,1413.6825921535492,ours,mv,0.935807036095318,0.9450002313394046,0.8301522440083005,0.7592917690227023,0.7872803347280335,0.7906153897935018,0.6039142590866728,0.9500802264804532,0.9353564402198836,0.8645987198424422,0.8159851301115242,0.9193717277486911,0.8337531486146096,878.0,198.0,77.0,993.0,0.9406761680734284,0.8647637652548313,0.7769028871391076,0.736318407960199,0.8222222222222222,0.9009962640099627,444.0,159.0,96.0,1447.0,0.9413522586807506,0.8158767774595292,0.7711941659070192,0.7434094903339191,0.8011363636363636,0.9097651421508035,423.0,146.0,105.0,1472.0,0.9410287000838181,0.8804036314403927,0.7902912621359224,0.7607476635514019,0.8222222222222222,0.9224712295578438,407.0,128.0,88.0,1523.0,0.9058978271581389,0.6543606056668655,0.5934718100890207,0.49261083743842365,0.746268656716418,0.8903088391906283,200.0,206.0,68.0,1672.0,0.9305008976511558,0.9410481649782073,0.8276222252038007,0.7490016422759687,0.7812604201400467,0.7841113995678678,0.5866543095458758,0.9515391667427018,0.9334782754125673,0.8639846743295019,0.8017777777777778,0.936656282450675,0.8133891213389122,902.0,223.0,61.0,972.0,0.935255540479421,0.8552890514145557,0.7634500426985482,0.7198067632850241,0.8127272727272727,0.8917910447761194,447.0,174.0,103.0,1434.0,0.9409375560602525,0.8296874906034956,0.7838345864661654,0.7679558011049724,0.800383877159309,0.9230299328039095,417.0,126.0,104.0,1511.0,0.9226701700244555,0.853222711162868,0.7671232876712328,0.7452471482889734,0.7903225806451613,0.9193742478941035,392.0,134.0,104.0,1528.0,0.9021020549489485,0.6664335974255168,0.5666156202143952,0.4731457800511509,0.7061068702290076,0.8913502109704642,185.0,206.0,77.0,1690.0
abl_noisyor,123,111239,18,24,1426.7739899158478,ours,mv,0.9359361326092888,0.9456492016260267,0.8280954222201415,0.7639613529244931,0.7980818633327624,0.7950857385657649,0.624883504193849,0.9497487702269639,0.934249711795656,0.8655581947743468,0.7921739130434783,0.9539267015706806,0.799328295549958,911.0,239.0,44.0,952.0,0.9432832895161661,0.864892854195462,0.7857777777777778,0.7555555555555555,0.8185185185185185,0.910958904109589,442.0,143.0,98.0,1463.0,0.9410994212832904,0.8094866075131096,0.779896013864818,0.7188498402555911,0.8522727272727273,0.8912237330037083,450.0,176.0,78.0,1442.0,0.9443532845107647,0.8812648767949425,0.7940865892291447,0.831858407079646,0.7595959595959596,0.9539672925499697,376.0,76.0,119.0,1575.0,0.9011958975092588,0.6505830608015377,0.594488188976378,0.6291666666666667,0.5634328358208955,0.9526091586794462,151.0,89.0,117.0,1789.0,0.930980602942458,0.9416747990722608,0.8290952641829629,0.7523305875670234,0.7876817792985458,0.7840260001324464,0.6075069508804448,0.9509091620068041,0.9311686220564784,0.8564814814814815,0.772765246449457,0.960539979231568,0.7723849372384938,925.0,272.0,38.0,923.0,0.9379907281772952,0.8654205065674323,0.7663716814159292,0.746551724137931,0.7872727272727272,0.9085820895522388,433.0,147.0,117.0,1461.0,0.9416703698188601,0.8445297298706553,0.7780725022104332,0.7213114754098361,0.8445297504798465,0.8961514966401954,440.0,170.0,81.0,1467.0,0.9259830751911805,0.8598485027132026,0.7727272727272727,0.8341121495327103,0.719758064516129,0.957280385078219,357.0,71.0,139.0,1591.0,0.8983496795181499,0.6445089597070462,0.588,0.6176470588235294,0.5610687022900763,0.9520042194092827,147.0,91.0,115.0,1805.0
abl_noisyor,42,111239,19,24,1410.165180683136,ours,mv,0.9349038869837839,0.9435196591503049,0.8277982448045558,0.7601172509510574,0.7924137931034483,0.7904972557103829,0.6160298229263746,0.9481495157837357,0.9327389323665374,0.8637029799706888,0.8095238095238095,0.9256544502617801,0.8253568429890848,884.0,208.0,71.0,983.0,0.9396729855633965,0.8615040583642032,0.7728415758591786,0.7059724349157733,0.8537037037037037,0.8804483188044832,461.0,192.0,79.0,1414.0,0.9412820260703448,0.816430696571198,0.778175313059034,0.7372881355932204,0.8238636363636364,0.904202719406675,435.0,155.0,93.0,1463.0,0.9419390757973435,0.8748380751142792,0.7835497835497836,0.8438228438228438,0.7313131313131314,0.9594185342216839,362.0,67.0,133.0,1584.0,0.9034758317040994,0.6534794616065608,0.6023166023166023,0.624,0.582089552238806,0.9499467518636848,156.0,94.0,112.0,1784.0,0.9306342816988555,0.9409453231860972,0.82804908776529,0.7563715792654631,0.7904893177119228,0.7875643071748462,0.6126042632066728,0.9504555585969577,0.9304850112041922,0.8679788766202592,0.8071428571428572,0.9387331256490135,0.8192468619246862,904.0,216.0,59.0,979.0,0.9409215287200362,0.8703819904613285,0.7688524590163934,0.7,0.8527272727272728,0.875,469.0,201.0,81.0,1407.0,0.9386687646636033,0.8303006209645115,0.7768744354110207,0.7337883959044369,0.8253358925143954,0.9047037263286499,430.0,156.0,91.0,1481.0,0.9265071231706844,0.8567341699618758,0.756152125279642,0.8492462311557789,0.6814516129032258,0.9638989169675091,338.0,60.0,158.0,1602.0,0.8966184333429962,0.6523436462345417,0.612,0.6428571428571429,0.583969465648855,0.955168776371308,153.0,85.0,109.0,1811.0
abl_noisyor,456,111239,16,24,1401.4002885818481,ours,mv,0.9367590499626273,0.9455675098987962,0.8328341460992389,0.7606367387082461,0.78984631324469,0.790967170031812,0.6216216216216216,0.9499931862441259,0.9357370299477105,0.8654911838790932,0.8339805825242719,0.8994764397905759,0.8564231738035264,859.0,171.0,96.0,1020.0,0.9422443614224436,0.866657838941503,0.7755834829443446,0.7526132404181185,0.8,0.9115815691158157,432.0,142.0,108.0,1464.0,0.9414365378132374,0.8156274898456717,0.7717206132879046,0.7012383900928792,0.8579545454545454,0.880716934487021,453.0,193.0,75.0,1425.0,0.9435040899607829,0.8751057409319467,0.7849462365591398,0.8390804597701149,0.7373737373737373,0.9576014536644458,365.0,70.0,130.0,1581.0,0.9066170743725462,0.671042630829363,0.6054421768707483,0.55625,0.664179104477612,0.9243876464323749,178.0,142.0,90.0,1736.0,0.9313361244949245,0.941914382607113,0.8324699409384653,0.7523880271380491,0.7849592791543927,0.7848083655523622,0.6135310472659871,0.951823320602893,0.9342711066020952,0.8665681930083703,0.8239700374531835,0.9138110072689511,0.8426778242677824,880.0,188.0,83.0,1007.0,0.9379681139755767,0.8642057024545325,0.7656940760389036,0.7452667814113597,0.7872727272727272,0.9079601990049752,433.0,148.0,117.0,1460.0,0.9430867522514969,0.847420960132281,0.7719298245614035,0.7108239095315024,0.8445297504798465,0.8906536346976176,440.0,179.0,81.0,1458.0,0.9278342261558168,0.8595243723893454,0.7591564927857936,0.8444444444444444,0.6895161290322581,0.9620938628158845,342.0,63.0,154.0,1599.0,0.8959682094888394,0.6569275631140723,0.5985915492957746,0.5555555555555556,0.648854961832061,0.9282700421940928,170.0,136.0,92.0,1760.0
abl_nornn,123,59692,22,24,974.4431540966034,ours,mv,0.9350596262818887,0.9444938149241388,0.8279414142871803,0.7650799124410488,0.793377026560883,0.7958538904424042,0.6202236719478099,0.9490498107534255,0.9318259237273945,0.8658354114713217,0.8266666666666667,0.9089005235602095,0.8471872376154492,868.0,182.0,87.0,1009.0,0.9405746967390803,0.8586031329883755,0.779874213836478,0.7574171029668412,0.8037037037037037,0.9134495641344956,434.0,139.0,106.0,1467.0,0.9403760253961119,0.8146121678162891,0.7856502242152467,0.7461669505962522,0.8295454545454546,0.9079110012360939,438.0,149.0,90.0,1469.0,0.9428310971618058,0.883706526785359,0.7965554359526372,0.8525345622119815,0.7474747474747475,0.9612356147789218,370.0,64.0,125.0,1587.0,0.9024665013590196,0.6509593201184835,0.5974842767295597,0.5163043478260869,0.7089552238805971,0.9052183173588925,190.0,178.0,78.0,1700.0,0.9304988386579701,0.9417304630598909,0.8306086794774663,0.7554410647100815,0.7872598234377705,0.7885969079154637,0.6126042632066728,0.9514374970129085,0.9333130505620135,0.8647058823529412,0.8189415041782729,0.9158878504672897,0.8368200836820083,882.0,195.0,81.0,1000.0,0.9389891451831751,0.8645494567083427,0.7783687943262412,0.759515570934256,0.7981818181818182,0.9135572139303483,439.0,139.0,111.0,1469.0,0.9422648283398428,0.8451310642074047,0.781021897810219,0.7443478260869565,0.8214971209213052,0.9102015882712279,428.0,147.0,93.0,1490.0,0.9290181864058072,0.860702827252141,0.7671840354767184,0.8522167487684729,0.6975806451612904,0.9638989169675091,346.0,60.0,150.0,1602.0,0.8907845363481174,0.6493469986574295,0.5859247135842881,0.5128939828080229,0.683206106870229,0.9103375527426161,179.0,170.0,83.0,1726.0
abl_nornn,42,59692,16,24,972.6269438266754,ours,mv,0.9349822427293415,0.9439797625011839,0.8291213262807418,0.7666274486772859,0.7977237454733574,0.7954881172384115,0.6258154706430569,0.9484616297624856,0.9321192945532454,0.8653569717297557,0.7977031802120141,0.9455497382198953,0.8077246011754828,903.0,229.0,52.0,962.0,0.9396199437295328,0.8571803133904096,0.7729296527159395,0.7444253859348199,0.8037037037037037,0.9072229140722291,434.0,149.0,106.0,1457.0,0.9402203431097126,0.8126286397743279,0.78,0.75,0.8125,0.911619283065513,429.0,143.0,99.0,1475.0,0.943107636021022,0.8829736340085819,0.7991718426501035,0.8195329087048833,0.7797979797979798,0.9485160508782556,386.0,85.0,109.0,1566.0,0.9035016610239537,0.6607047496771437,0.615678776290631,0.6313725490196078,0.6007462686567164,0.9499467518636848,161.0,94.0,107.0,1784.0,0.9299059303981565,0.9403935869354157,0.8308665785500604,0.7532722247278844,0.7880034275921165,0.7849186612618606,0.6065801668211307,0.9494918685940467,0.9301537148828223,0.8591483387927,0.7819420783645656,0.9532710280373832,0.7857740585774059,918.0,256.0,45.0,939.0,0.9345646766169154,0.8557615217287987,0.759581881533101,0.7290969899665551,0.7927272727272727,0.8992537313432836,436.0,162.0,114.0,1446.0,0.9414827694966565,0.8429861918667786,0.7839851024208566,0.7613019891500904,0.8080614203454894,0.9193646915088577,421.0,132.0,100.0,1505.0,0.9271524785528513,0.8606607222887974,0.7719298245614035,0.7906976744186046,0.7540322580645161,0.9404332129963899,374.0,99.0,122.0,1563.0,0.8968378587303121,0.6647707419831048,0.591715976331361,0.6122448979591837,0.5725190839694656,0.9498945147679325,150.0,95.0,112.0,1801.0
abl_nornn,456,59692,22,24,975.651802778244,ours,mv,0.9354859671049821,0.9447705411317847,0.8315312050550755,0.7627804793992647,0.7948986722571628,0.7917155709541864,0.6369990680335508,0.9489183712046281,0.933786868253386,0.862934362934363,0.8003581020590869,0.9361256544502617,0.8127623845507976,894.0,223.0,61.0,968.0,0.9413968451639684,0.8621306183477454,0.7697974217311234,0.7655677655677655,0.774074074074074,0.9202988792029888,418.0,128.0,122.0,1478.0,0.9417010806457654,0.8165727862108033,0.7752909579230081,0.735144312393888,0.8200757575757576,0.9035846724351051,433.0,156.0,95.0,1462.0,0.9419476411602395,0.8790183348399864,0.7920585161964472,0.8203463203463204,0.7656565656565657,0.9497274379164143,379.0,83.0,116.0,1568.0,0.9034658973503091,0.6661474176234569,0.6138211382113821,0.6741071428571429,0.5634328358208955,0.9611288604898829,151.0,73.0,117.0,1805.0,0.9305242617729359,0.9415472600241751,0.8281965184135383,0.7536911519320351,0.7898663890334895,0.7863139323093156,0.6214087117701576,0.9523742488822847,0.9361301623427586,0.8641509433962264,0.7917026793431288,0.9511941848390446,0.798326359832636,916.0,241.0,47.0,954.0,0.9394640434192674,0.8631304202972865,0.7656108597285067,0.7621621621621621,0.769090909090909,0.917910447761194,423.0,132.0,127.0,1476.0,0.942366836015041,0.8431352355014516,0.7791017415215399,0.7456140350877193,0.8157389635316699,0.9114233353695785,425.0,145.0,96.0,1492.0,0.9257635087923606,0.8577916832393556,0.7692307692307693,0.8057395143487859,0.7358870967741935,0.9470517448856799,365.0,88.0,131.0,1574.0,0.8926526717557253,0.6407950906868388,0.5903614457831325,0.6228813559322034,0.5610687022900763,0.9530590717299579,147.0,89.0,115.0,1807.0
abl_nosub,123,112364,17,24,1424.9710278511047,ours,mv,0.9342041530465675,0.9436674317133068,0.8254120536389484,0.7585102727907665,0.792180345191969,0.7905949752409858,0.6383970177073626,0.9492129012972511,0.9315239866185744,0.8665667166416792,0.8288718929254302,0.9078534031413612,0.8497061293031066,867.0,179.0,88.0,1012.0,0.9405274203219409,0.8608453753086843,0.7776777677767777,0.7565674255691769,0.8,0.9134495641344956,432.0,139.0,108.0,1467.0,0.9393143424354795,0.8038395028297575,0.7635726795096323,0.7100977198697068,0.8257575757575758,0.8899876390605687,436.0,178.0,92.0,1440.0,0.9430660328298124,0.8844611298257999,0.7964989059080962,0.8687350835322196,0.7353535353535353,0.966686856450636,364.0,55.0,131.0,1596.0,0.8989000683483542,0.6463902736119259,0.5882352941176471,0.6198347107438017,0.5597014925373134,0.9510117145899893,150.0,92.0,118.0,1786.0,0.9306587543659418,0.9406777285295536,0.8278125935994552,0.7471999123572065,0.7854622441778405,0.7827003188395173,0.6227988878591288,0.9504494757926111,0.9319037325813921,0.8678500986193294,0.8262910798122066,0.9138110072689511,0.8451882845188284,880.0,185.0,83.0,1010.0,0.9359893713251922,0.8563699523378047,0.7658450704225352,0.742320819112628,0.7909090909090909,0.9060945273631841,435.0,151.0,115.0,1457.0,0.9431571023723233,0.8450626708544402,0.7726465364120781,0.71900826446281,0.8349328214971209,0.8961514966401954,435.0,170.0,86.0,1467.0,0.9295313167190715,0.8610617307893572,0.7582292849035187,0.8675324675324675,0.6733870967741935,0.9693140794223827,334.0,51.0,162.0,1611.0,0.8941665056205107,0.6446648814342817,0.5714285714285714,0.6042553191489362,0.5419847328244275,0.9509493670886076,142.0,93.0,120.0,1803.0
abl_nosub,2025,112364,16,24,1403.3623847961426,ours,mv,0.9329822316540826,0.9422516300391325,0.825539039632926,0.7597928760270903,0.7915512465373962,0.790546855513463,0.6332712022367195,0.949183448287989,0.9336791789438293,0.8666994589276931,0.8172541743970315,0.9225130890052357,0.834592779177162,881.0,197.0,74.0,994.0,0.9393962455606291,0.8600511652679173,0.7720254314259763,0.7575757575757576,0.7870370370370371,0.9153175591531756,425.0,136.0,115.0,1470.0,0.9372436509720192,0.807972571214032,0.7604433077578857,0.6914728682170542,0.8446969696969697,0.877008652657602,446.0,199.0,82.0,1419.0,0.9411632986436137,0.8817090042576613,0.7982924226254002,0.8461538461538461,0.7555555555555555,0.9588128407026045,374.0,68.0,121.0,1583.0,0.8979245148061611,0.6442832784811902,0.6015037593984962,0.6060606060606061,0.5970149253731343,0.9446219382321619,160.0,104.0,108.0,1774.0,0.9305203593786325,0.9406931783089039,0.8288249139252576,0.7521728469127031,0.7867774316372447,0.7850731286768738,0.6190917516218721,0.951931942109082,0.933554541284092,0.866923818707811,0.8091809180918091,0.9335410176531672,0.8225941422594142,899.0,212.0,64.0,983.0,0.9366881501582994,0.8588614727831747,0.7549194991055456,0.7429577464788732,0.7672727272727272,0.9092039800995025,422.0,146.0,128.0,1462.0,0.9426775490486905,0.8379086643223844,0.7794508414526129,0.7236842105263158,0.8445297504798465,0.8973732437385461,440.0,168.0,81.0,1469.0,0.926888028415046,0.8614280362567333,0.7673913043478261,0.8325471698113207,0.7116935483870968,0.957280385078219,353.0,71.0,143.0,1591.0,0.8944161271620448,0.6523718549799041,0.5921787709497207,0.5781818181818181,0.6068702290076335,0.9388185654008439,159.0,116.0,103.0,1780.0
abl_nosub,42,112364,16,24,1422.7412490844727,ours,mv,0.9338984223434519,0.943841184775843,0.826762426692901,0.7544299867983959,0.787305874409183,0.7867377934316894,0.6081081081081081,0.9503505787296522,0.9357847940116885,0.8675754625121713,0.8107370336669699,0.9329842931937172,0.8253568429890848,891.0,208.0,64.0,983.0,0.9406000645726674,0.8612567484273838,0.7627416520210897,0.725752508361204,0.8037037037037037,0.8978829389788294,434.0,164.0,106.0,1442.0,0.9399200987002285,0.8102730781676424,0.7619047619047619,0.691358024691358,0.8484848484848485,0.8763906056860321,448.0,200.0,80.0,1418.0,0.9399776076941432,0.8778177076002138,0.79,0.7821782178217822,0.797979797979798,0.9333737129012719,395.0,110.0,100.0,1541.0,0.8986437620205681,0.6486798052575765,0.5899280575539568,0.5694444444444444,0.6119402985074627,0.933972310969116,164.0,124.0,104.0,1754.0,0.929978325740459,0.9406691303914803,0.8274871403051011,0.7512688466679676,0.7868020304568528,0.785783223298368,0.6061167747914736,0.950417323826779,0.9311511689726801,0.8671128107074569,0.8033658104517272,0.9418483904465212,0.8142259414225942,907.0,222.0,56.0,973.0,0.9363772048846677,0.8570171038075068,0.7612456747404844,0.7260726072607261,0.8,0.8967661691542289,440.0,166.0,110.0,1442.0,0.9414909770107529,0.8429111104385507,0.7806167400881058,0.7214983713355049,0.8502879078694817,0.8955406230910201,443.0,171.0,78.0,1466.0,0.9260485811886184,0.8572015459587803,0.7712820512820513,0.7849686847599165,0.7580645161290323,0.9380264741275571,376.0,103.0,120.0,1559.0,0.8955575417914775,0.6491547723479868,0.5760869565217391,0.5482758620689655,0.6068702290076335,0.9309071729957806,159.0,131.0,103.0,1765.0
abl_nosub,456,112364,17,24,1408.1861028671265,ours,mv,0.9337249221579477,0.9432508400512127,0.8241796901262584,0.7633576480248673,0.7940463828314296,0.7922447375744042,0.6267474370922647,0.9490067302324151,0.9345237372029518,0.8635282929148835,0.7909407665505227,0.9507853403141361,0.7984886649874056,908.0,240.0,47.0,951.0,0.9396118721461189,0.855595538633833,0.776536312849162,0.7808988764044944,0.7722222222222223,0.927148194271482,417.0,117.0,123.0,1489.0,0.9387279001385923,0.8027147800067146,0.7680608365019012,0.7709923664122137,0.7651515151515151,0.9258343634116193,404.0,120.0,124.0,1498.0,0.9411620750203427,0.8799420249764575,0.7935548841893253,0.7911646586345381,0.795959595959596,0.937007874015748,394.0,104.0,101.0,1547.0,0.9001160332522691,0.6481223698113344,0.6151079136690647,0.59375,0.6380597014925373,0.9376996805111821,171.0,117.0,97.0,1761.0,0.9291222527205651,0.9401796410778912,0.8260756012864382,0.7527517084601907,0.7871389270976616,0.7850966705276419,0.6177015755329008,0.9493306742788618,0.9316056648032277,0.8566090611863615,0.7784380305602716,0.952232606438214,0.7815899581589958,917.0,261.0,46.0,934.0,0.9359724106739031,0.858401154877237,0.7699194270367055,0.7583774250440917,0.7818181818181819,0.9148009950248757,430.0,137.0,120.0,1471.0,0.9416668523128189,0.8347496890110638,0.7848101265822784,0.7964426877470355,0.7735124760076776,0.937080024434942,403.0,103.0,118.0,1534.0,0.9255961045766856,0.8615257813235006,0.7709384460141272,0.7717171717171717,0.7701612903225806,0.9320096269554753,382.0,113.0,114.0,1549.0,0.8930452217605566,0.6440957164171618,0.5814814814814815,0.564748201438849,0.5992366412213741,0.9361814345991561,157.0,121.0,105.0,1775.0
abl_nosub,789,112364,19,24,1407.9134628772736,ours,mv,0.9346076463289741,0.9443114092256708,0.8269637250370689,0.7565630655000198,0.7889532901466075,0.787405707598421,0.6095060577819198,0.9491579516531051,0.9330448421954054,0.8622047244094488,0.8133704735376045,0.9172774869109948,0.8312342569269522,876.0,201.0,79.0,990.0,0.9417554540842211,0.8604303949311339,0.7639000805801772,0.6761768901569187,0.8777777777777778,0.8586550435865504,474.0,227.0,66.0,1379.0,0.9372296044499381,0.8062602082618897,0.7658802177858439,0.735191637630662,0.7992424242424242,0.9060568603213844,422.0,152.0,106.0,1466.0,0.9432850613952976,0.8835263480073495,0.7959183673469388,0.8041237113402062,0.7878787878787878,0.9424591156874621,390.0,95.0,105.0,1556.0,0.9016101600623083,0.6515568317895658,0.5949119373776908,0.6255144032921811,0.5671641791044776,0.9515441959531417,152.0,91.0,116.0,1787.0,0.9292895283963084,0.9400696341707203,0.8268621151098158,0.7559398430012048,0.7897610921501707,0.7875121815713275,0.6102873030583874,0.9502574329696686,0.9309335286686689,0.8615384615384616,0.8021486123545211,0.9304257528556594,0.8150627615062761,896.0,221.0,67.0,974.0,0.9371720940750792,0.8597419485247566,0.7729468599033816,0.6936416184971098,0.8727272727272727,0.8681592039800995,480.0,212.0,70.0,1396.0,0.9393793008839493,0.8393760303976784,0.783427495291902,0.7689463955637708,0.7984644913627639,0.9236408063530849,416.0,125.0,105.0,1512.0,0.9252710007375491,0.8534264303845984,0.7649484536082474,0.7827004219409283,0.7479838709677419,0.9380264741275571,371.0,103.0,125.0,1559.0,0.8943678133152961,0.6508326375733765,0.5968379446640316,0.6188524590163934,0.5763358778625954,0.9509493670886076,151.0,93.0,111.0,1803.0
abl_plain,123,112364,16,24,2436.2731096744537,ours,mv,0.9332989246646937,0.9422712170766072,0.8223321362741949,0.7529052072310025,0.7835625979453248,0.7844248929271039,0.6150978564771669,0.9483943713980507,0.9312932229585988,0.8636599274235355,0.8552361396303901,0.8722513089005236,0.8816120906801007,833.0,141.0,122.0,1050.0,0.9356083667727504,0.8471118345131445,0.7670995670995671,0.7203252032520325,0.8203703703703704,0.8929016189290162,443.0,172.0,97.0,1434.0,0.9380618608832453,0.8078219342311646,0.7617360496014172,0.7154742096505824,0.8143939393939394,0.8943139678615575,430.0,171.0,98.0,1447.0,0.9411290371920292,0.8732226476380636,0.7774358974358975,0.7895833333333333,0.7656565656565657,0.9388249545729861,379.0,101.0,116.0,1550.0,0.9033009870773926,0.6522110420300034,0.5945945945945946,0.5749128919860628,0.6156716417910447,0.9350372736954207,165.0,122.0,103.0,1756.0,0.9284739901542054,0.9383239434500458,0.8230143474011251,0.7449862804222247,0.7781059947871416,0.777584968669015,0.6061167747914736,0.9490104580786158,0.9284995535769175,0.8611812216052499,0.8379174852652259,0.885773624091381,0.8619246861924686,853.0,165.0,110.0,1030.0,0.9261781999095433,0.8296708425604067,0.745964316057774,0.7001594896331739,0.7981818181818182,0.8830845771144279,439.0,188.0,111.0,1420.0,0.9412857891583429,0.8473419756354363,0.7732610659439928,0.7303754266211604,0.8214971209213052,0.9034819792302994,428.0,158.0,93.0,1479.0,0.9261225787042429,0.8523868125767488,0.7533539731682146,0.7716701902748414,0.7358870967741935,0.9350180505415162,365.0,108.0,131.0,1554.0,0.8997729249202822,0.6571725526561173,0.5911708253358925,0.5945945945945946,0.5877862595419847,0.944620253164557,154.0,105.0,108.0,1791.0
abl_plain,2025,112364,11,24,2405.9181673526764,ours,mv,0.9319340174612789,0.934867836521118,0.8262679570509345,0.7570529500012096,0.7880586592178771,0.7868114864193128,0.6211556383970177,0.9484326163503765,0.9330758179449462,0.8668329177057357,0.8276190476190476,0.9099476439790576,0.8480268681780017,869.0,181.0,86.0,1010.0,0.9340136525068032,0.8517223590814127,0.7589208006962577,0.715927750410509,0.8074074074074075,0.8922789539227896,436.0,173.0,104.0,1433.0,0.9371102090122485,0.8135456511299611,0.7620751341681574,0.7220338983050848,0.8068181818181818,0.8986402966625463,426.0,164.0,102.0,1454.0,0.9330971740420559,0.866309210218208,0.782051282051282,0.8299319727891157,0.7393939393939394,0.9545729860690491,366.0,75.0,129.0,1576.0,0.9070164353949106,0.6666867468801446,0.6153846153846154,0.6349206349206349,0.5970149253731343,0.9510117145899893,160.0,92.0,108.0,1786.0,0.9247390143863434,0.9292487430596905,0.8196196166373945,0.7461081227369488,0.7799160251924423,0.7775134436121541,0.6177015755329008,0.945773537194176,0.9244722063038959,0.8602045786653677,0.810091743119266,0.9169262720664589,0.8267782426778243,883.0,207.0,80.0,988.0,0.9273609226594303,0.8364435234107916,0.7484874675885912,0.71334431630972,0.7872727272727272,0.8917910447761194,433.0,174.0,117.0,1434.0,0.9354150715753855,0.827517653435,0.7679558011049724,0.7380530973451327,0.800383877159309,0.9095907147220526,417.0,148.0,104.0,1489.0,0.9142271747991149,0.8430327814437963,0.7519125683060109,0.8210023866348448,0.6935483870967742,0.9548736462093863,344.0,75.0,152.0,1587.0,0.9009183657036106,0.666631918593489,0.601980198019802,0.6255144032921811,0.5801526717557252,0.9520042194092827,152.0,91.0,110.0,1805.0
abl_plain,42,112364,16,24,2442.934070825577,ours,mv,0.9315303051293377,0.9408668694139667,0.8194177970941713,0.7557697645375905,0.7858635097493036,0.786656103283206,0.6150978564771669,0.9487438511348201,0.9334425533290756,0.8639836984207845,0.8412698412698413,0.8879581151832461,0.8656591099916037,848.0,160.0,107.0,1031.0,0.9337103915871039,0.8398115651796482,0.7642124883504194,0.7692307692307693,0.7592592592592593,0.9234122042341221,410.0,123.0,130.0,1483.0,0.9353941922313369,0.8019125809313973,0.7670753064798599,0.7133550488599348,0.8295454545454546,0.8912237330037083,438.0,176.0,90.0,1442.0,0.9349583050370451,0.8670342010748708,0.7842741935483871,0.7826961770623743,0.7858585858585858,0.9345850999394306,389.0,108.0,106.0,1543.0,0.9048447856563827,0.6548880849558647,0.5993031358885017,0.5620915032679739,0.6417910447761194,0.9286474973375932,172.0,134.0,96.0,1744.0,0.9287498592661715,0.9387872577026779,0.8269522917928764,0.7516537057358061,0.7834085387018397,0.783252614073807,0.6232622798887859,0.9482118727651125,0.9300038098200004,0.8660405338606031,0.8264150943396227,0.9096573208722741,0.8460251046025105,876.0,184.0,87.0,1011.0,0.9302306648575304,0.8418018437010514,0.7449908925318761,0.7463503649635036,0.7436363636363637,0.9135572139303483,409.0,139.0,141.0,1469.0,0.9388211899253938,0.8401169877178641,0.7753623188405797,0.7341337907375644,0.8214971209213052,0.9053145998778253,428.0,155.0,93.0,1482.0,0.9214122122588408,0.8520750646959564,0.7679671457905544,0.7824267782426778,0.7540322580645161,0.937424789410349,374.0,104.0,122.0,1558.0,0.9050733565239797,0.6707637530295099,0.6039076376554174,0.5647840531561462,0.648854961832061,0.9309071729957806,170.0,131.0,92.0,1765.0
abl_plain,456,112364,11,24,2480.846603870392,ours,mv,0.9325856162345607,0.9408237417847402,0.8259384025386833,0.7564713065508073,0.7855787476280834,0.7868801469317234,0.6136999068033551,0.9490348644502178,0.9342323518993766,0.8627069133398247,0.8061874431301183,0.9277486910994764,0.8211586901763224,886.0,213.0,69.0,978.0,0.9348300355149671,0.8525578173590864,0.7631578947368421,0.7748091603053435,0.7518518518518519,0.9265255292652553,406.0,118.0,134.0,1488.0,0.9390322414503504,0.8134787901342627,0.7682363804247461,0.7495495495495496,0.7878787878787878,0.9140914709517923,416.0,139.0,112.0,1479.0,0.9357206223347956,0.8715720020413869,0.7866805411030177,0.8111587982832618,0.7636363636363637,0.9466989703210176,378.0,88.0,117.0,1563.0,0.9043103174224723,0.6578510512593039,0.6015748031496063,0.5204359673024523,0.7126865671641791,0.906283280085197,191.0,176.0,77.0,1702.0,0.9287023980998992,0.938085636201314,0.8261334375108097,0.7504205059834695,0.7816249571477546,0.7825347135885494,0.6107506950880445,0.947773041880108,0.9296694486099911,0.8608076009501188,0.7933450087565674,0.940809968847352,0.802510460251046,906.0,236.0,57.0,959.0,0.9315128900949796,0.8477340606805693,0.7428571428571429,0.7532710280373832,0.7327272727272728,0.917910447761194,403.0,132.0,147.0,1476.0,0.9395387611578222,0.8329033286174218,0.7819548872180451,0.7661141804788214,0.7984644913627639,0.9224190592547342,416.0,127.0,105.0,1510.0,0.9251982162959512,0.8573818627399876,0.7773109243697479,0.8114035087719298,0.7459677419354839,0.9482551143200962,370.0,86.0,126.0,1576.0,0.8994890810706349,0.6629784869060785,0.589171974522293,0.505464480874317,0.7061068702290076,0.9045358649789029,185.0,181.0,77.0,1715.0
abl_plain,789,112364,16,24,2396.6200070381165,ours,mv,0.9317372807108507,0.9397379828216034,0.8228862895156952,0.7537641299729408,0.784306887532694,0.7845959147917849,0.6118359739049394,0.9498700990412385,0.9350765842573157,0.8675298804780877,0.8271604938271605,0.912041884816754,0.8471872376154492,871.0,182.0,84.0,1009.0,0.9334175084175085,0.8455192610071764,0.7523727351164797,0.7043618739903069,0.8074074074074075,0.886052303860523,436.0,183.0,104.0,1423.0,0.935838998763906,0.8073896270266067,0.7603773584905661,0.7575187969924813,0.7632575757575758,0.9202719406674907,403.0,129.0,125.0,1489.0,0.9359885958311155,0.871469570210151,0.7819548872180451,0.8348623853211009,0.7353535353535353,0.9563900666262871,364.0,72.0,131.0,1579.0,0.9035712015004846,0.6549764050772261,0.6065857885615251,0.5663430420711975,0.6529850746268657,0.9286474973375932,175.0,134.0,93.0,1744.0,0.9280168106985253,0.9361260891870531,0.8232348497037801,0.7487908136905852,0.7815331010452962,0.7809272772137185,0.618628359592215,0.9493154672679953,0.9296382588412792,0.8645224171539961,0.8145087235996327,0.9210799584631361,0.8309623430962343,887.0,202.0,76.0,993.0,0.9294448213478063,0.8395182602577814,0.7563884156729132,0.7115384615384616,0.8072727272727273,0.8880597014925373,444.0,180.0,106.0,1428.0,0.9397416040062048,0.8400776692253892,0.7799227799227799,0.7844660194174757,0.7754318618042226,0.9321930360415394,404.0,111.0,117.0,1526.0,0.9173120220488336,0.8413960296524343,0.7417218543046358,0.8195121951219512,0.6774193548387096,0.9554753309265944,336.0,74.0,160.0,1588.0,0.9042701388217863,0.6655440305420163,0.6013986013986014,0.5548387096774193,0.6564885496183206,0.9272151898734177,172.0,138.0,90.0,1758.0
abl_sub,123,112364,15,24,1594.8092412948608,ours,mv,0.9334217686040127,0.9423300459642479,0.8279993782610046,0.7617052085134904,0.789150460593654,0.7903425432117808,0.6109040074557316,0.9476338683230687,0.9320296378405332,0.8634760705289672,0.8320388349514564,0.8973821989528796,0.8547439126784215,857.0,173.0,98.0,1018.0,0.9388427655550943,0.8586185188101698,0.7621621621621621,0.7421052631578947,0.7833333333333333,0.9084682440846824,423.0,147.0,117.0,1459.0,0.9393201951530135,0.8123973901889685,0.7749782797567333,0.7158908507223114,0.8446969696969697,0.8906056860321384,446.0,177.0,82.0,1441.0,0.9379255914688985,0.8750848605099611,0.7894221351616063,0.7661596958174905,0.8141414141414142,0.9254996971532404,403.0,123.0,92.0,1528.0,0.9033864225199879,0.6618664839553897,0.6184873949579832,0.5626911314984709,0.6865671641791045,0.9238551650692226,184.0,143.0,84.0,1735.0,0.9298540239486549,0.9393777527476426,0.8263089488331181,0.7500786729379076,0.7832001360312872,0.7843910366971458,0.6051899907321594,0.9498090433921195,0.9302716694304404,0.8717186726102031,0.8333333333333334,0.9138110072689511,0.8527196652719665,880.0,176.0,83.0,1019.0,0.9291734509271823,0.8391801534504911,0.756140350877193,0.7305084745762712,0.7836363636363637,0.9011194029850746,431.0,159.0,119.0,1449.0,0.9395680737081665,0.8381553753654631,0.7744227353463587,0.7206611570247934,0.836852207293666,0.8967623701893708,436.0,169.0,85.0,1468.0,0.9269426167462442,0.8586546025041358,0.7606752730883813,0.7495107632093934,0.7721774193548387,0.9229843561973526,383.0,128.0,113.0,1534.0,0.9037769349695622,0.6652829434150594,0.5874363327674024,0.5290519877675841,0.6603053435114504,0.9187763713080169,173.0,154.0,89.0,1742.0
abl_sub,2025,112364,11,24,2456.465256214142,ours,mv,0.9305208170829055,0.937215389275539,0.8218917477380916,0.7557227087512335,0.7855413351781391,0.7851619654925622,0.6220876048462255,0.9470364557919123,0.9307472702479812,0.8610567514677103,0.8080808080808081,0.9214659685863874,0.8245172124265323,880.0,209.0,75.0,982.0,0.9338291591716249,0.8512744243921141,0.7581699346405228,0.7645951035781544,0.7518518518518519,0.9221668742216688,406.0,125.0,134.0,1481.0,0.9369065344420722,0.8112553610098612,0.7674418604651163,0.7271186440677966,0.8125,0.9004944375772559,429.0,161.0,99.0,1457.0,0.9319481917907115,0.8651846653534847,0.7818930041152263,0.7966457023060797,0.7676767676767676,0.9412477286493035,380.0,97.0,115.0,1554.0,0.902883744218206,0.6509970176870178,0.610051993067591,0.56957928802589,0.6567164179104478,0.9291799787007454,176.0,133.0,92.0,1745.0,0.9245899139220773,0.9326512546832983,0.8207417250026815,0.7481792634193635,0.7798500958689211,0.7782212658108084,0.6158480074142725,0.9455376112827331,0.9249824145876101,0.8583815028901735,0.8005390835579514,0.9252336448598131,0.8142259414225942,891.0,222.0,72.0,973.0,0.9260854816824967,0.8341923047621513,0.7340823970037453,0.7567567567567568,0.7127272727272728,0.9216417910447762,392.0,126.0,158.0,1482.0,0.9381001011869238,0.830931213914545,0.7856485740570377,0.7544169611307421,0.8195777351247601,0.9150885766646304,427.0,139.0,94.0,1498.0,0.916960230581111,0.8472746486979812,0.7523709167544784,0.7880794701986755,0.719758064516129,0.9422382671480144,357.0,96.0,139.0,1566.0,0.8962661448771219,0.6663280430511205,0.6104129263913824,0.576271186440678,0.648854961832061,0.9340717299578059,170.0,125.0,92.0,1771.0
abl_sub,42,112364,16,24,1596.071432352066,ours,mv,0.9347952065578495,0.9425830960297098,0.8299447216142035,0.758920661052708,0.7917312661498708,0.7884104317902627,0.6183597390493942,0.9510745952409212,0.9361521218875332,0.8623153882801334,0.791083916083916,0.9476439790575916,0.799328295549958,905.0,239.0,50.0,952.0,0.9386133019694664,0.8569255711041119,0.7644991212653779,0.7274247491638796,0.8055555555555556,0.8985056039850561,435.0,163.0,105.0,1443.0,0.9405878937708356,0.8127289609921792,0.7736339982653946,0.7136,0.8446969696969697,0.8893695920889988,446.0,179.0,82.0,1439.0,0.9357340821907751,0.8709879112112171,0.7843986998916577,0.8457943925233645,0.7313131313131314,0.9600242277407631,362.0,66.0,133.0,1585.0,0.9079661596172491,0.6729290428759755,0.6097560975609756,0.6696428571428571,0.5597014925373134,0.9605963791267306,150.0,74.0,118.0,1804.0,0.9289886581689016,0.9380313828457115,0.8278470438008834,0.7528054318749724,0.7868852459016393,0.7828032472453855,0.618628359592215,0.949911582093962,0.931903713448769,0.8600746268656716,0.7806943268416596,0.9574247144340602,0.7832635983263598,922.0,259.0,41.0,936.0,0.9295330167345094,0.8433707924937787,0.7439024390243902,0.7140468227424749,0.7763636363636364,0.8936567164179104,427.0,171.0,123.0,1437.0,0.9426646515265389,0.8413653992291263,0.7942497753818508,0.7466216216216216,0.8483685220729367,0.9083689676237019,442.0,150.0,79.0,1487.0,0.9216439093979272,0.8529650275942632,0.7544642857142857,0.845,0.6814516129032258,0.9626955475330926,338.0,62.0,158.0,1600.0,0.901190131091571,0.6696302862384799,0.611336032388664,0.6508620689655172,0.5763358778625954,0.9572784810126582,151.0,81.0,111.0,1815.0
abl_sub,456,112364,15,24,1562.4438726902008,ours,mv,0.9339474160876415,0.941193568547673,0.8258413295969209,0.7556711745041171,0.7849829351535836,0.7856491050203929,0.6113699906803355,0.9492784012730734,0.9342524605333213,0.8645476772616137,0.8110091743119267,0.9256544502617801,0.8270361041141897,884.0,206.0,71.0,985.0,0.9371488861214888,0.8525623926332975,0.7619909502262443,0.7451327433628319,0.7796296296296297,0.9103362391033624,421.0,144.0,119.0,1462.0,0.9374543488032363,0.8087836332064828,0.7582037996545768,0.6968253968253968,0.8314393939393939,0.8819530284301607,439.0,191.0,89.0,1427.0,0.9394171882360858,0.8736561158991422,0.7836134453781513,0.8161925601750547,0.7535353535353535,0.949121744397335,373.0,84.0,122.0,1567.0,0.9064382560043234,0.6599520457123608,0.61,0.5512048192771084,0.6828358208955224,0.9206602768903088,183.0,149.0,85.0,1729.0,0.9300038282395088,0.9376807624183984,0.8268145875787531,0.7512348586543507,0.7834210973331068,0.7834080427869196,0.6056533827618165,0.9504425240162149,0.934908185542531,0.8654580152671756,0.8005295675198588,0.9418483904465212,0.8108786610878661,907.0,226.0,56.0,969.0,0.9304726368159204,0.8421279408861568,0.7458223394898856,0.7223168654173765,0.7709090909090909,0.8986318407960199,424.0,163.0,126.0,1445.0,0.9400511445378407,0.8394430934783323,0.7783687943262412,0.7232289950576606,0.8426103646833013,0.8973732437385461,439.0,168.0,82.0,1469.0,0.9242592969993402,0.8549428343921593,0.7695605573419079,0.8215102974828375,0.7237903225806451,0.9530685920577617,359.0,78.0,137.0,1584.0,0.9047935388282281,0.6626508835945866,0.596964586846543,0.5347432024169184,0.6755725190839694,0.9187763713080169,177.0,154.0,85.0,1742.0
abl_sub,789,112364,11,24,2490.8374285697937,ours,mv,0.9327537495256031,0.940137404762266,0.8256261608753303,0.7599172167779,0.7881181318681318,0.7890955209760441,0.6109040074557316,0.9476624421380248,0.9329774660058763,0.8617074388417374,0.8234732824427481,0.9036649214659686,0.8446683459277917,863.0,185.0,92.0,1006.0,0.9383181126331811,0.8556681227418668,0.7692307692307693,0.7522123893805309,0.7870370370370371,0.912826899128269,425.0,140.0,115.0,1466.0,0.9392523036296213,0.8171018706608281,0.7725694444444444,0.7131410256410257,0.8428030303030303,0.8893695920889988,445.0,179.0,83.0,1439.0,0.9335083114610674,0.8719565649881305,0.7843137254901961,0.8016877637130801,0.7676767676767676,0.9430648092065415,380.0,94.0,115.0,1557.0,0.9050275777661215,0.650426779979949,0.611764705882353,0.5565749235474006,0.6791044776119403,0.922790202342918,182.0,145.0,86.0,1733.0,0.9267298251510816,0.935382260679783,0.8181772116421715,0.747434192615265,0.7797424892703863,0.780221541212209,0.6102873030583874,0.9458404480419887,0.9268742804724038,0.8614634146341463,0.812327506899724,0.9169262720664589,0.8292887029288702,883.0,204.0,80.0,991.0,0.9291350067842605,0.8365106421812389,0.7580071174377224,0.7421602787456446,0.7745454545454545,0.9079601990049752,426.0,148.0,124.0,1460.0,0.9382243864003836,0.825701732915618,0.7717099373321397,0.7231543624161074,0.8272552783109405,0.8992058643860721,431.0,165.0,90.0,1472.0,0.9177050580334615,0.8449105813681266,0.7571580063626723,0.7986577181208053,0.719758064516129,0.9458483754512635,357.0,90.0,139.0,1572.0,0.9027442264953136,0.6568888212734707,0.5888324873096447,0.5288753799392097,0.6641221374045801,0.9182489451476793,174.0,155.0,88.0,1741.0
abl_zscore,123,112364,16,24,2694.022160053253,ours,zscore,0.9210371217469587,0.9374546809721173,0.7942386980500011,0.7403004224660944,0.777029302795554,0.7825982988336665,0.5852749301025163,0.943130195488854,0.9209580995415986,0.8663048840651209,0.8190298507462687,0.9193717277486911,0.8371116708648195,878.0,194.0,77.0,997.0,0.9345544485955444,0.8467254212107105,0.7668488160291439,0.7544802867383512,0.7796296296296297,0.9146948941469489,421.0,137.0,119.0,1469.0,0.9383228920852531,0.8114632717374094,0.7738095238095238,0.7021604938271605,0.8617424242424242,0.880716934487021,455.0,193.0,73.0,1425.0,0.9443606262503899,0.8831914107640588,0.8078920041536864,0.8311965811965812,0.7858585858585858,0.9521502119927316,389.0,79.0,106.0,1572.0,0.8448174463147522,0.5088552869962281,0.486646884272997,0.4039408866995074,0.6119402985074627,0.8711395101171459,164.0,242.0,104.0,1636.0,0.9188549832394802,0.9352375029645664,0.7948888202173844,0.7300145720620186,0.7700101317122594,0.7737345813659797,0.5755329008341057,0.9492333494093161,0.9293240788535754,0.8668909178279673,0.8067978533094812,0.936656282450675,0.8192468619246862,902.0,216.0,61.0,979.0,0.9332722749886929,0.8467726017932673,0.7604355716878403,0.7590579710144928,0.7618181818181818,0.9172885572139303,419.0,133.0,131.0,1475.0,0.9379992660137394,0.8344349980650935,0.7576020851433536,0.692063492063492,0.836852207293666,0.8814905314599878,436.0,194.0,85.0,1443.0,0.930403516944218,0.862557844369385,0.7736450584484591,0.8179775280898877,0.7338709677419355,0.9512635379061372,364.0,81.0,132.0,1581.0,0.8433665088414339,0.5013545780056007,0.49149922720247297,0.412987012987013,0.6068702290076335,0.880801687763713,159.0,226.0,103.0,1670.0
abl_zscore,2025,112364,14,24,1407.665807723999,ours,zscore,0.9181315083268853,0.9346433650051437,0.7899307455545583,0.7329870368597823,0.7728663719823189,0.7745502262732843,0.5862068965517241,0.9415661088178794,0.9182156907144858,0.8610702012763869,0.8105360443622921,0.9183246073298429,0.8278757346767422,877.0,205.0,78.0,986.0,0.93302200083022,0.8445872562186878,0.7583774250440917,0.7239057239057239,0.7962962962962963,0.8978829389788294,430.0,164.0,110.0,1442.0,0.9347960444993819,0.8047699929114857,0.7569060773480663,0.7365591397849462,0.7784090909090909,0.9091470951792336,411.0,147.0,117.0,1471.0,0.9409601771806496,0.8760977086437745,0.7976424361493124,0.7762906309751434,0.8202020202020202,0.9291338582677166,406.0,117.0,89.0,1534.0,0.840313210306296,0.5059830792843582,0.49093904448105435,0.43952802359882004,0.5559701492537313,0.898828541001065,149.0,190.0,119.0,1688.0,0.9171477103311174,0.9333854774581898,0.7949587063579996,0.7250286356111688,0.7661016949152543,0.7678089483083811,0.5783132530120482,0.9465895019486699,0.9259931769402299,0.8601431980906922,0.7959363957597173,0.9356178608515057,0.8066945606694561,901.0,231.0,62.0,964.0,0.9337132519222071,0.8499852068944935,0.7606614447345518,0.7295492487479132,0.7945454545454546,0.8992537313432836,437.0,162.0,113.0,1446.0,0.9360728452051116,0.8305202328098922,0.7576335877862596,0.7533206831119544,0.761996161228407,0.9205864386072083,397.0,130.0,124.0,1507.0,0.9278706183766157,0.8555572318286521,0.7507568113017155,0.7515151515151515,0.75,0.9259927797833934,372.0,123.0,124.0,1539.0,0.8414923342029825,0.5127376833167303,0.4959481361426256,0.4309859154929577,0.583969465648855,0.8934599156118144,153.0,202.0,109.0,1694.0
abl_zscore,42,112364,18,24,2695.58824968338,ours,zscore,0.9205595735447529,0.9362149367178288,0.7964486907117398,0.7371667521101346,0.7766193813023414,0.7775585927799555,0.5917986952469712,0.94181316241796,0.9187851102422089,0.8605654048873982,0.7932862190812721,0.9403141361256544,0.8035264483627204,898.0,234.0,57.0,957.0,0.9370162815368295,0.8499253948316411,0.7598173515981735,0.7495495495495496,0.7703703703703704,0.9134495641344956,416.0,139.0,124.0,1467.0,0.9358764561561225,0.812941687300614,0.7590467784642542,0.7107438016528925,0.8143939393939394,0.8918417799752781,430.0,175.0,98.0,1443.0,0.9432924031349229,0.882213276947499,0.8072417465388712,0.8536036036036037,0.7656565656565657,0.9606299212598425,379.0,65.0,116.0,1586.0,0.8447995644779298,0.5183779842367366,0.4991624790619765,0.45288753799392095,0.5559701492537313,0.9041533546325878,149.0,180.0,119.0,1698.0,0.9167080637483569,0.9336798741232587,0.7940329884234245,0.7275852442345487,0.7706671193345782,0.7724901972367485,0.5820203892493049,0.9450409937564359,0.9237656516125232,0.8578132332238386,0.7825342465753424,0.9491173416407062,0.7874476987447698,914.0,254.0,49.0,941.0,0.9355167345092718,0.8555786976014466,0.775,0.7614035087719299,0.7890909090909091,0.9154228855721394,434.0,136.0,116.0,1472.0,0.9395563486880288,0.8325094644382782,0.7753623188405797,0.7341337907375644,0.8214971209213052,0.9053145998778253,428.0,155.0,93.0,1482.0,0.9284904992042234,0.8574696176036047,0.7620087336244541,0.830952380952381,0.7036290322580645,0.957280385078219,349.0,71.0,147.0,1591.0,0.8349357425838246,0.5008415108612699,0.46774193548387094,0.40502793296089384,0.5534351145038168,0.8876582278481012,145.0,213.0,117.0,1683.0
abl_zscore,456,112364,18,24,2678.0333712100983,ours,zscore,0.9207642046229054,0.9352465644291086,0.7956550163823443,0.7391777903689677,0.7802629332422742,0.778368262818765,0.5969245107176142,0.9412997129430591,0.9197730816244007,0.8585365853658536,0.8036529680365296,0.9214659685863874,0.8194794290512175,880.0,215.0,75.0,976.0,0.9353270144366035,0.8438995286577595,0.7602739726027398,0.7070063694267515,0.8222222222222222,0.8854296388542964,444.0,184.0,96.0,1422.0,0.936980278682998,0.8108509160577347,0.7748878923766817,0.7359454855195912,0.8181818181818182,0.904202719406675,432.0,155.0,96.0,1463.0,0.9423844746679391,0.8772718900436973,0.7927565392354124,0.7895791583166333,0.795959595959596,0.9364021804966687,394.0,105.0,101.0,1546.0,0.847829542383927,0.5264796655281292,0.5094339622641509,0.5152671755725191,0.503731343283582,0.9323748668796592,135.0,127.0,133.0,1751.0,0.919310161999214,0.93396383658952,0.798254687749484,0.7303579322815749,0.7747318235995232,0.7722751152835922,0.5963855421686747,0.9452851749023493,0.9232509302397308,0.8580952380952381,0.7924362357080035,0.9356178608515057,0.802510460251046,901.0,236.0,62.0,959.0,0.936164631388512,0.8556725551426625,0.7681779298545766,0.7253634894991923,0.8163636363636364,0.8942786069651741,449.0,170.0,101.0,1438.0,0.9363741782226511,0.8323466141547172,0.7608494921514312,0.7330960854092526,0.7907869481765835,0.9083689676237019,412.0,150.0,109.0,1487.0,0.9334398412328715,0.8620577191128566,0.7675350701402806,0.7629482071713147,0.7721774193548387,0.9283995186522263,383.0,119.0,113.0,1543.0,0.845286984249686,0.5179456200974536,0.497131931166348,0.49808429118773945,0.4961832061068702,0.9309071729957806,130.0,131.0,132.0,1765.0
abl_zscore,789,112364,13,24,2692.3734259605408,ours,zscore,0.9201081871142227,0.9351413998853424,0.7935265352003251,0.7405124809595749,0.7815024926938284,0.7798746647330032,0.608574091332712,0.9427934640695266,0.9200369658949211,0.8609206660137121,0.8086476540938362,0.9204188481675393,0.8253568429890848,879.0,208.0,76.0,983.0,0.9339167935058346,0.8477472595168303,0.7579908675799086,0.7477477477477478,0.7685185185185185,0.912826899128269,415.0,140.0,125.0,1466.0,0.9347328351500168,0.7977758249799732,0.764808362369338,0.7080645161290322,0.8314393939393939,0.8881334981458591,439.0,181.0,89.0,1437.0,0.9415683179462708,0.8778166646620408,0.8104312938816449,0.8047808764940239,0.8161616161616162,0.9406420351302242,404.0,98.0,91.0,1553.0,0.8475295248994644,0.5242559609478603,0.508411214953271,0.5093632958801498,0.5074626865671642,0.93024494142705,136.0,131.0,132.0,1747.0,0.9176299459701491,0.9333308882378187,0.7923517145477859,0.7287372755779666,0.7724867724867724,0.7707386808239034,0.5936051899907322,0.9470483191908132,0.9272859886495608,0.8626136907611297,0.8001776198934281,0.9356178608515057,0.8117154811715481,901.0,225.0,62.0,970.0,0.9348857982813207,0.8479551854731884,0.7539543057996485,0.7295918367346939,0.78,0.9011194029850746,429.0,159.0,121.0,1449.0,0.9373848749585227,0.8284792535938359,0.7666068222621185,0.7200674536256324,0.8195777351247601,0.8985949908368968,427.0,166.0,94.0,1471.0,0.9271330693684251,0.851219902809195,0.7558733401430031,0.7660455486542443,0.7459677419354839,0.9320096269554753,370.0,113.0,126.0,1549.0,0.8416976680516637,0.5068182422131495,0.5046382189239332,0.49097472924187724,0.5190839694656488,0.9256329113924051,136.0,141.0,126.0,1755.0
dev_mv_flat,42,112364,19,30,1757.5559315681458,ours,mv,0.9336583481902642,0.9423627813936608,0.8245029092588527,0.7595151672420216,0.787612117109494,0.7891231544549787,0.608574091332712,0.9477837709522995,0.9304792551075954,0.8653658536585366,0.8100456621004566,0.9287958115183246,0.8253568429890848,887.0,208.0,68.0,983.0,0.9377692449610258,0.8502309064577437,0.7651715039577837,0.7286432160804021,0.8055555555555556,0.8991282689912827,435.0,162.0,105.0,1444.0,0.9374660542383039,0.8050325587648856,0.7642418930762489,0.7112561174551386,0.8257575757575758,0.8906056860321384,436.0,177.0,92.0,1441.0,0.9376025549253895,0.875472920921302,0.790356394129979,0.8213507625272332,0.7616161616161616,0.9503331314354937,377.0,82.0,118.0,1569.0,0.9076701158743027,0.6612989050427376,0.6124401913875598,0.5348189415041783,0.7164179104477612,0.9110756123535676,192.0,167.0,76.0,1711.0,,,,,,,,,,,,,,,,,,,,,,,,,,,,,,,,,,,,,,,,,,,,,,,,,,,,,,,,,
dev_mv_nor,42,111239,17,30,1748.2074420452118,ours,mv,0.9327345301019285,0.941311316689909,0.8248088207895152,0.7592877997547134,0.7884483937115516,0.7892256197784655,0.6155638397017708,0.9474698985849367,0.9314654793239725,0.8633663366336634,0.8187793427230047,0.9130890052356021,0.837951301427372,872.0,193.0,83.0,998.0,0.9384345740510124,0.8615747766724334,0.7659574468085106,0.7346938775510204,0.8,0.9028642590286425,432.0,156.0,108.0,1450.0,0.9393120013484662,0.809438313403277,0.7819548872180451,0.7761194029850746,0.7878787878787878,0.9258343634116193,416.0,120.0,112.0,1498.0,0.9368023053062423,0.8669963777293682,0.7777777777777778,0.7395264116575592,0.8202020202020202,0.9133858267716536,406.0,143.0,89.0,1508.0,0.9016538712189849,0.6545691568185255,0.6073825503355704,0.551829268292683,0.6753731343283582,0.9217252396166135,181.0,147.0,87.0,1731.0,,,,,,,,,,,,,,,,,,,,,,,,,,,,,,,,,,,,,,,,,,,,,,,,,,,,,,,,,
dev_mv_plain,42,112364,18,30,1757.786209821701,ours,mv,0.9308852302648682,0.9393183186830426,0.8206269617557149,0.7550219885046023,0.7864395112717261,0.7857377610553172,0.6123019571295434,0.9497399782839007,0.932451492319839,0.8658178256611165,0.8132474701011959,0.9256544502617801,0.8295549958018472,884.0,203.0,71.0,988.0,0.9337818827544855,0.8435931766321716,0.7585616438356164,0.7054140127388535,0.8203703703703704,0.8848069738480697,443.0,185.0,97.0,1421.0,0.9378242405513727,0.8100437010081402,0.7742504409171076,0.7244224422442245,0.8314393939393939,0.8967861557478368,439.0,167.0,89.0,1451.0,0.9324474300852253,0.8633110557251767,0.7704194260485652,0.8491484184914841,0.705050505050505,0.9624470018170805,349.0,62.0,146.0,1589.0,0.900632619649357,0.6537353830932469,0.6060606060606061,0.5802047781569966,0.6343283582089553,0.9345047923322684,170.0,123.0,98.0,1755.0,,,,,,,,,,,,,,,,,,,,,,,,,,,,,,,,,,,,,,,,,,,,,,,,,,,,,,,,,
dev_z_nor,42,111239,16,30,1743.2361409664154,ours,zscore,0.9139615640253153,0.9313979713703031,0.7802029369466112,0.7289039854858103,0.7770989701518589,0.7731873872846078,0.603448275862069,0.9388801702120178,0.9162323269790319,0.8629936616284739,0.8074817518248175,0.9267015706806283,0.8228379513014273,885.0,211.0,70.0,980.0,0.928234398782344,0.8261971700996967,0.7431192660550459,0.7363636363636363,0.75,0.9097135740971357,405.0,145.0,135.0,1461.0,0.933139725437315,0.7913337435333191,0.7714543812104788,0.7374784110535406,0.8087121212121212,0.9060568603213844,427.0,152.0,101.0,1466.0,0.9396594656437176,0.8710422983983757,0.8008171603677222,0.8099173553719008,0.7919191919191919,0.9442761962447002,392.0,92.0,103.0,1559.0,0.8298940600511817,0.4962091457226329,0.46613545816733065,0.5,0.43656716417910446,0.9376996805111821,117.0,117.0,151.0,1761.0,,,,,,,,,,,,,,,,,,,,,,,,,,,,,,,,,,,,,,,,,,,,,,,,,,,,,,,,,
lead_ii,123,112364,14,24,1154.6326637268066,ours,mv,0.8669963448787785,0.8915480419649681,0.6993929315270689,0.6591071489604373,0.6993665746305019,0.7051281613595961,0.4832246039142591,0.9083105841806568,0.868300659430472,0.8294573643410853,0.7718665464382326,0.8963350785340314,0.7875734676742233,856.0,253.0,99.0,938.0,0.8487765785710992,0.6923763348318299,0.6330349877949553,0.5645863570391872,0.7203703703703703,0.813200498132005,389.0,300.0,151.0,1306.0,0.8838703786942352,0.7107554943856585,0.6720516962843296,0.5859154929577465,0.7878787878787878,0.8182941903584673,416.0,294.0,112.0,1324.0,0.9024270567577655,0.8088668505886248,0.7247899159663865,0.7549234135667396,0.696969696969697,0.9321623258631133,345.0,112.0,150.0,1539.0,0.7915971261901356,0.4166653183987593,0.4362017804154303,0.3620689655172414,0.5485074626865671,0.8620873269435569,147.0,259.0,121.0,1619.0,0.8577322908370972,0.8829582037343147,0.6837053769414819,0.6357851867817621,0.6825838103025348,0.6868007941638523,0.47080630213160335,0.905258584357634,0.8636314187720452,0.8220218319886095,0.756993006993007,0.8992731048805815,0.7673640167364016,866.0,278.0,97.0,917.0,0.8280212573496157,0.6658534720013285,0.6104746317512275,0.5550595238095238,0.6781818181818182,0.8140547263681592,373.0,299.0,177.0,1309.0,0.887239308833513,0.7114444258522068,0.6677852348993288,0.5931445603576752,0.763915547024952,0.8332315210751374,398.0,273.0,123.0,1364.0,0.875946197740771,0.7752015826622715,0.6823027718550106,0.7239819004524887,0.6451612903225806,0.9265944645006017,320.0,122.0,176.0,1540.0,0.792196105903952,0.4023959854195577,0.39634146341463417,0.3299492385786802,0.4961832061068702,0.8607594936708861,130.0,264.0,132.0,1632.0
lead_ii,42,112364,15,24,1178.5533199310303,ours,mv,0.8660562670359637,0.8888226875638443,0.697569879876133,0.6555579287571309,0.6919077023074424,0.7012702360737072,0.4846225535880708,0.9080696849407203,0.8720916676390571,0.8248871048670346,0.791907514450867,0.8607329842931937,0.818639798488665,822.0,216.0,133.0,975.0,0.8415651953323187,0.6824736661668358,0.6254416961130742,0.597972972972973,0.6555555555555556,0.8518057285180572,354.0,238.0,186.0,1368.0,0.883985091957898,0.7133221175699969,0.6671790930053805,0.5614489003880984,0.821969696969697,0.7904820766378244,434.0,339.0,94.0,1279.0,0.9000116244210732,0.8092594142683757,0.7269035532994924,0.7306122448979592,0.7232323232323232,0.9200484554815264,358.0,132.0,137.0,1519.0,0.7966497385278082,0.41070253373639976,0.43337819650067294,0.3389473684210526,0.6007462686567164,0.832800851970181,161.0,314.0,107.0,1564.0,0.8561689942443531,0.8802982443318567,0.681441912573734,0.6368025468886978,0.678226729919843,0.6864326321172524,0.46570898980537534,0.9019982012278575,0.8592124242268647,0.8156862745098039,0.7725162488393686,0.8639667705088265,0.7949790794979079,832.0,245.0,131.0,950.0,0.8262731795567616,0.6653878566781988,0.6109613656783468,0.6039076376554174,0.6181818181818182,0.861318407960199,340.0,223.0,210.0,1385.0,0.8825715783166858,0.7045916084170872,0.6618589743589743,0.5680880330123796,0.7927063339731286,0.8081857055589493,413.0,314.0,108.0,1323.0,0.880436997787353,0.7835994256562915,0.6971544715447154,0.7028688524590164,0.6915322580645161,0.9127557160048135,343.0,145.0,153.0,1517.0,0.7895650143331079,0.3944182478902273,0.3983516483516483,0.3111587982832618,0.5534351145038168,0.8306962025316456,145.0,321.0,117.0,1575.0
lead_ii,456,112364,13,24,768.8105411529541,ours,mv,0.8651868272436971,0.8895260813490559,0.6989511778290882,0.656692906922008,0.695583596214511,0.7028406429908017,0.46505125815470644,0.9067174840975729,0.8682568845472827,0.8262108262108262,0.7558644656820156,0.9109947643979057,0.764063811922754,870.0,281.0,85.0,910.0,0.8472349061390156,0.6915250743383701,0.6320830007980845,0.5553997194950911,0.7333333333333333,0.8026151930261519,396.0,317.0,144.0,1289.0,0.8851310540510171,0.7174572045255976,0.6677115987460815,0.56951871657754,0.8068181818181818,0.8009888751545118,426.0,322.0,102.0,1296.0,0.9000617929751789,0.8065887336631474,0.7269035532994924,0.7306122448979592,0.7232323232323232,0.9200484554815264,358.0,132.0,137.0,1519.0,0.7867888989557007,0.4109279920710431,0.4305555555555556,0.34292035398230086,0.5783582089552238,0.84185303514377,155.0,297.0,113.0,1581.0,0.8560044192082824,0.8811216503982728,0.6831885263858698,0.6374503033324415,0.6807833147587964,0.687072069352432,0.4490268767377201,0.905487992978706,0.8635676289589377,0.8191985088536813,0.7430262045646661,0.9127725856697819,0.7456066945606694,879.0,304.0,84.0,891.0,0.8266734509271824,0.6660883218712248,0.6034063260340633,0.5446559297218155,0.6763636363636364,0.806592039800995,372.0,311.0,178.0,1297.0,0.8853504080893259,0.7079842325581868,0.6716541978387365,0.592375366568915,0.7754318618042226,0.8301771533292609,404.0,278.0,117.0,1359.0,0.8738269574162494,0.773903675222695,0.6890927624872579,0.6969072164948453,0.6814516129032258,0.9115523465703971,338.0,147.0,158.0,1515.0,0.788683286629948,0.404398773318305,0.403899721448468,0.31798245614035087,0.5534351145038168,0.8359704641350211,145.0,311.0,117.0,1585.0
lead_limb6,123,112364,12,24,1188.4853796958923,ours,mv,0.9040361792076166,0.9199362560536825,0.7629353564686484,0.7022401660176308,0.741424802110818,0.7443253563535789,0.5302889095992545,0.9343329772596393,0.9093381945340641,0.8485427615862399,0.7803163444639719,0.9298429319371728,0.7900923593618808,888.0,250.0,67.0,941.0,0.9052373045523732,0.7859622623265753,0.7129391602399314,0.6634768740031898,0.7703703703703704,0.8686176836861769,416.0,211.0,124.0,1395.0,0.9170307056972693,0.7676396969722477,0.714879467996675,0.6370370370370371,0.8143939393939394,0.8485784919653894,430.0,245.0,98.0,1373.0,0.9176061034328751,0.836199111844847,0.7486855941114616,0.7807017543859649,0.7191919191919192,0.9394306480920654,356.0,100.0,139.0,1551.0,0.845973805095926,0.5155375166655084,0.48615384615384616,0.41361256544502617,0.5895522388059702,0.8807241746538871,158.0,224.0,110.0,1654.0,0.8946706176120367,0.9137135868852599,0.7564469899160322,0.6912205444282048,0.7316751770713227,0.7331441991959349,0.5152919369786839,0.9285609388374022,0.8968414548826548,0.8447146866230122,0.7685106382978724,0.9376947040498442,0.7723849372384938,903.0,272.0,60.0,923.0,0.8842085029398463,0.7586845017261284,0.6862416107382551,0.6370716510903427,0.7436363636363637,0.8550995024875622,409.0,233.0,141.0,1375.0,0.9211093745053507,0.7887745410110574,0.7196581196581197,0.6486902927580893,0.8080614203454894,0.8607208307880269,421.0,228.0,100.0,1409.0,0.8921540798105665,0.8075332468346197,0.7062634989200864,0.7604651162790698,0.6592741935483871,0.9380264741275571,327.0,103.0,169.0,1559.0,0.8473201919670179,0.5304012051257009,0.4992248062015504,0.42036553524804177,0.6145038167938931,0.8829113924050633,161.0,222.0,101.0,1674.0
lead_limb6,42,112364,15,24,1288.6413712501526,ours,mv,0.9056196048593088,0.9203655668646787,0.7654482494769173,0.7046856072294885,0.7416871416871417,0.7460095692321389,0.5302889095992545,0.9347716952185019,0.9076216580298218,0.8516377649325626,0.7885816235504014,0.9256544502617801,0.801007556675063,884.0,237.0,71.0,954.0,0.9065529726488629,0.7907758797752544,0.7122362869198312,0.6542635658914728,0.7814814814814814,0.861145703611457,422.0,223.0,118.0,1383.0,0.9157934412106228,0.7680290688259944,0.7112509834775768,0.6083445491251682,0.8560606060606061,0.8201483312731768,452.0,291.0,76.0,1327.0,0.9201879485344052,0.8413703351896219,0.7505518763796909,0.8272506082725061,0.6868686868686869,0.9569957601453665,340.0,71.0,155.0,1580.0,0.8507919666841512,0.519444305563894,0.49775112443778113,0.41604010025062654,0.6194029850746269,0.8759318423855165,166.0,233.0,102.0,1645.0,0.8972650984366212,0.9146964391527681,0.7592526014726052,0.6866218906988084,0.7270653413720058,0.7299978634539697,0.5037071362372567,0.9288894102721186,0.8991122632720385,0.8401869158878504,0.7638062871707731,0.9335410176531672,0.7673640167364016,899.0,278.0,64.0,917.0,0.888525554047942,0.7685313160710842,0.6831683168316832,0.6253776435045317,0.7527272727272727,0.845771144278607,414.0,248.0,136.0,1360.0,0.92226546149093,0.788324330901701,0.7200647249190939,0.6223776223776224,0.8541266794625719,0.8350641417226634,445.0,270.0,76.0,1367.0,0.8989303113233182,0.8147471727299449,0.7113636363636363,0.8151041666666666,0.6310483870967742,0.957280385078219,313.0,71.0,183.0,1591.0,0.847714755048797,0.5255479243882575,0.47832585949177875,0.3931203931203931,0.6106870229007634,0.8697257383966245,160.0,247.0,102.0,1649.0
lead_limb6,456,112364,18,24,1184.7809331417084,ours,mv,0.9042256669122274,0.9198726829009093,0.7619303629567948,0.7043543044293173,0.7446557818549066,0.7465008026767012,0.5507921714818267,0.9334599373134461,0.9055569566348646,0.8540218470705064,0.8120868744098206,0.900523560209424,0.832913518052057,860.0,199.0,95.0,992.0,0.9053537659702044,0.7883202878786458,0.7139282735613011,0.6494688922610015,0.7925925925925926,0.8561643835616438,428.0,231.0,112.0,1375.0,0.9145280836798142,0.7676175995836196,0.7167630057803468,0.6354319180087847,0.821969696969697,0.84610630407911,434.0,249.0,94.0,1369.0,0.9157706685265741,0.8365900995164142,0.7429805615550756,0.7981438515081206,0.694949494949495,0.9473046638400969,344.0,87.0,151.0,1564.0,0.8520158790710981,0.51156687117043,0.494077834179357,0.4520123839009288,0.5447761194029851,0.9057507987220448,146.0,177.0,122.0,1701.0,0.8972528063254387,0.9158376180721398,0.7635388871695624,0.6988657973943948,0.7387844929744372,0.739281450069833,0.5347544022242817,0.9290067214988029,0.8969584686820551,0.8473915163334959,0.7987132352941176,0.9023883696780893,0.8167364016736401,869.0,219.0,94.0,976.0,0.8900486205336952,0.773368199264812,0.6950122649223222,0.6315007429420505,0.7727272727272727,0.845771144278607,425.0,248.0,125.0,1360.0,0.9220168910640102,0.7943832208195243,0.7233304423243712,0.6598101265822784,0.800383877159309,0.868662186927306,417.0,215.0,104.0,1422.0,0.8973824288653389,0.8156064315690486,0.7138121546961326,0.7897310513447433,0.6512096774193549,0.9482551143200962,323.0,86.0,173.0,1576.0,0.8478093696653461,0.5373781155123719,0.5147826086956522,0.4728434504792332,0.5648854961832062,0.9129746835443038,148.0,165.0,114.0,1731.0
ref_msca_mamba,123,121149,11,18,3371.3095746040344,ref,zscore,0.894521011913764,0.9164126677481785,0.7484439793565281,0.7000223221634456,0.7443388072601556,0.7478163111094833,0.5717614165890028,0.9341817558389491,0.908653216746687,0.8533872598584429,0.8250244379276638,0.8837696335078534,0.8497061293031066,844.0,179.0,111.0,1012.0,0.9121927032885937,0.7883609678488868,0.72027373823781,0.6693163751987281,0.7796296296296297,0.8704856787048568,421.0,208.0,119.0,1398.0,0.923474547701989,0.7759105319190682,0.7361963190184049,0.6851549755301795,0.7954545454545454,0.880716934487021,420.0,193.0,108.0,1425.0,0.9180931054946804,0.8369829248823843,0.7567567567567568,0.8549618320610687,0.6787878787878788,0.9654754694124773,336.0,57.0,159.0,1594.0,0.7846629472446076,0.432312255385614,0.43349753694581283,0.3870967741935484,0.4925373134328358,0.8887113951011715,132.0,209.0,136.0,1669.0,0.8968546131000522,0.9169217447628382,0.7511059837846691,0.694867985464678,0.7401304497082046,0.7431318444497746,0.5676552363299351,0.9380153547361149,0.9150528421247238,0.8495049504950495,0.8117313150425733,0.8909657320872274,0.8334728033472804,858.0,199.0,105.0,996.0,0.908714382632293,0.7823448021065477,0.7238421955403087,0.685064935064935,0.7672727272727272,0.8793532338308457,422.0,194.0,128.0,1414.0,0.9268522893688069,0.8073470476683007,0.75,0.6846275752773375,0.8291746641074856,0.8784361637141112,432.0,199.0,89.0,1438.0,0.90255740266294,0.8161946266909508,0.710801393728223,0.8383561643835616,0.6169354838709677,0.9645006016847172,306.0,59.0,190.0,1603.0,0.8081336361001064,0.43459060033282243,0.44019138755980863,0.3780821917808219,0.5267175572519084,0.8802742616033755,138.0,227.0,124.0,1669.0
ref_msca_mamba,2025,121149,10,17,3280.761568546295,ref,zscore,0.8930076448456494,0.9159512992599308,0.7436848000266936,0.7005629667784404,0.7500436071864643,0.7497261757904178,0.5885368126747437,0.9315015319960788,0.901655232659063,0.8562874251497006,0.8179218303145853,0.8984293193717278,0.8396305625524769,858.0,191.0,97.0,1000.0,0.9024468428578019,0.7871526607103447,0.7170474516695958,0.6822742474916388,0.7555555555555555,0.8816936488169365,408.0,190.0,132.0,1416.0,0.9246240214256284,0.7762103794449207,0.7444029850746269,0.7334558823529411,0.7556818181818182,0.9103831891223733,399.0,145.0,129.0,1473.0,0.9246798695617593,0.844689184311494,0.7626943005181347,0.7829787234042553,0.7434343434343434,0.9382192610539067,368.0,102.0,127.0,1549.0,0.7817859583869788,0.40871654300764615,0.4223826714801444,0.4090909090909091,0.43656716417910446,0.9100106496272631,117.0,169.0,151.0,1709.0,0.8914882825313472,0.9138915280396029,0.7490843784293783,0.6936032586752912,0.739972337482711,0.740392304216146,0.5741427247451344,0.9333724370755615,0.9079330852434636,0.8461538461538461,0.7965169569202566,0.9023883696780893,0.8142259414225942,869.0,222.0,94.0,973.0,0.8957767978290366,0.7761662868370259,0.707638279192274,0.6842105263157895,0.7327272727272728,0.8843283582089553,403.0,186.0,147.0,1422.0,0.9268475993607519,0.8076585744938749,0.7394167450611477,0.7250922509225092,0.7543186180422264,0.9089798411728772,393.0,149.0,128.0,1488.0,0.9033058693373704,0.8205443745300555,0.726890756302521,0.7587719298245614,0.6975806451612904,0.9338146811070999,346.0,110.0,150.0,1552.0,0.798138709054015,0.4331195710424717,0.4479166666666667,0.410828025477707,0.49236641221374045,0.9024261603375527,129.0,185.0,133.0,1711.0
ref_msca_mamba,42,121149,11,18,3388.2583129405975,ref,zscore,0.8950679852554323,0.9188019248522861,0.7524927698982596,0.7056547218356938,0.756338787987772,0.753388540512711,0.6020503261882573,0.9329069240947595,0.9077375401921577,0.8519454269833249,0.8232421875,0.8827225130890053,0.8480268681780017,843.0,181.0,112.0,1010.0,0.9153786725704534,0.8058354987252644,0.7321258341277407,0.7544204322200393,0.7111111111111111,0.9221668742216688,384.0,125.0,156.0,1481.0,0.9224784151777352,0.7789289887524531,0.7484105358764759,0.7190226876090751,0.7803030303030303,0.9004944375772559,412.0,161.0,116.0,1457.0,0.9249576320442463,0.8476100309015449,0.7680690399137001,0.8240740740740741,0.7191919191919192,0.9539672925499697,356.0,76.0,139.0,1575.0,0.7796182823899671,0.42235179091987785,0.4277227722772277,0.45569620253164556,0.40298507462686567,0.9313099041533547,108.0,129.0,160.0,1749.0,0.8941501592211282,0.9168475410399877,0.7557195616095331,0.6911371958363391,0.7424188369603996,0.7394592180952292,0.5866543095458758,0.9375982481523483,0.9157208837842903,0.8489634748272458,0.8090310442144873,0.893042575285566,0.8301255230125523,860.0,203.0,103.0,992.0,0.90475802804161,0.7849560302518458,0.6981481481481482,0.7113207547169811,0.6854545454545454,0.9048507462686567,377.0,153.0,173.0,1455.0,0.9277187683569847,0.8100714610115349,0.7548928238583411,0.7336956521739131,0.7773512476007678,0.9102015882712279,405.0,147.0,116.0,1490.0,0.9016633671053141,0.8157177239789584,0.7156970362239298,0.7855421686746988,0.657258064516129,0.9464500601684718,326.0,89.0,170.0,1573.0,0.7990123844493833,0.452131709021036,0.437984496124031,0.4448818897637795,0.4312977099236641,0.9256329113924051,113.0,141.0,149.0,1755.0
ref_msca_mamba,456,121149,15,22,3542.25160241127,ref,zscore,0.8971192543886264,0.9182585483524659,0.7474078582988314,0.7033460926895392,0.7429784454604833,0.7504051923782105,0.5424044734389561,0.9347294938917976,0.906301177854789,0.8536345776031434,0.8038852913968547,0.9099476439790576,0.8219983207388749,869.0,212.0,86.0,979.0,0.9101840321018404,0.7880745218243209,0.7241992882562278,0.696917808219178,0.7537037037037037,0.8897882938978829,407.0,177.0,133.0,1429.0,0.9217152208113271,0.768330540008306,0.7332796132151491,0.638148667601683,0.8617424242424242,0.8405438813349815,455.0,258.0,73.0,1360.0,0.927284963505436,0.8468735254940502,0.766798418972332,0.7504835589941973,0.7838383838383839,0.9218655360387644,388.0,129.0,107.0,1522.0,0.791682561632731,0.4274595263126909,0.4388185654008439,0.35214446952595935,0.582089552238806,0.8471778487752929,156.0,287.0,112.0,1591.0,0.8974854933272216,0.9192027367515232,0.7564693659711601,0.6938110594113998,0.7322066948326292,0.7417042749356886,0.530583873957368,0.9354970737366233,0.9093959491110776,0.8392081120231772,0.7842960288808665,0.9023883696780893,0.8,869.0,239.0,94.0,956.0,0.9134667571234736,0.8070689753239983,0.7252946509519492,0.7233273056057866,0.7272727272727273,0.9048507462686567,400.0,153.0,150.0,1455.0,0.9328648796954309,0.8153742189000981,0.7547481420313791,0.6623188405797101,0.8771593090211133,0.8576664630421503,457.0,233.0,64.0,1404.0,0.9068541108652615,0.8209957190021503,0.7234886025768087,0.7115009746588694,0.7358870967741935,0.910950661853189,365.0,148.0,131.0,1514.0,0.7987446452153186,0.4295119675184766,0.4263157894736842,0.3253012048192771,0.6183206106870229,0.8227848101265823,162.0,336.0,100.0,1560.0
ref_msca_mamba,789,121149,14,21,3541.791304588318,ref,zscore,0.8956986654979587,0.9172706793932257,0.7456708384688583,0.7050811387489048,0.7510534299679757,0.7529049965386603,0.5684995340167754,0.9337483130459248,0.907505181396964,0.8509591736350222,0.8024118738404453,0.9057591623036649,0.8211586901763224,865.0,213.0,90.0,978.0,0.9131128637977953,0.7971733104285575,0.7266610597140454,0.6656394453004623,0.8,0.864881693648817,432.0,217.0,108.0,1389.0,0.9241007884781062,0.7780880695096941,0.7513513513513513,0.7164948453608248,0.7897727272727273,0.8980222496909765,417.0,165.0,111.0,1453.0,0.9262302002459482,0.843294978754004,0.7716849451645065,0.7618110236220472,0.7818181818181819,0.9267110841913991,387.0,121.0,108.0,1530.0,0.7813011619220193,0.4022926522550718,0.42474916387959866,0.38484848484848483,0.47388059701492535,0.8919062832800851,127.0,203.0,141.0,1675.0,0.8948967804648713,0.9153513306693435,0.7555030357040194,0.6969331458281567,0.7401205626255861,0.7427193114762759,0.5500463392029658,0.9344047758703843,0.9107923467761199,0.8411395461129889,0.7861010830324909,0.9044652128764278,0.801673640167364,871.0,237.0,92.0,958.0,0.9090807327001358,0.7919545137421087,0.7232968881412952,0.672926447574335,0.7818181818181819,0.8700248756218906,430.0,209.0,120.0,1399.0,0.9239057918081974,0.7965646086783776,0.74,0.7029360967184801,0.781190019193858,0.8949297495418448,407.0,172.0,114.0,1465.0,0.9047385097628198,0.8211283549972443,0.7311178247734139,0.7303822937625755,0.7318548387096774,0.9193742478941035,363.0,134.0,133.0,1528.0,0.8023540921828195,0.4570753543262466,0.4491114701130856,0.38935574229691877,0.5305343511450382,0.8850210970464135,139.0,218.0,123.0,1678.0
ref_msca_mamba_mv,123,121149,15,22,3601.689863920212,ref,mv,0.9169054109188404,0.9283641493686241,0.7946643045573661,0.7372684293585009,0.7725337118523776,0.7702659139966389,0.6123019571295434,0.9404855790153903,0.9229198564184413,0.8593429158110883,0.8429003021148036,0.8764397905759163,0.8690176322418136,837.0,156.0,118.0,1035.0,0.9088660578386606,0.8020321719223262,0.7257617728531855,0.7237569060773481,0.7277777777777777,0.9066002490660025,393.0,150.0,147.0,1456.0,0.9312920225118928,0.7908947039347164,0.7615658362989324,0.7181208053691275,0.8106060606060606,0.896168108776267,428.0,168.0,100.0,1450.0,0.9229704678523577,0.846869136593013,0.7587587587587588,0.751984126984127,0.7656565656565657,0.9242883101150817,379.0,125.0,116.0,1526.0,0.8809129273759001,0.6106056539183337,0.5809128630705395,0.6542056074766355,0.5223880597014925,0.9605963791267306,140.0,74.0,128.0,1804.0,0.9154131551596502,0.9268656257904017,0.8002924514363295,0.7314773835925631,0.7635206786850477,0.7615430826526504,0.6019462465245597,0.9401200050400379,0.9207763216615664,0.8487903225806451,0.8246816846229187,0.8743509865005192,0.8502092050209205,842.0,179.0,121.0,1016.0,0.9096845318860244,0.7969796749111866,0.7072945521698984,0.7185741088180112,0.6963636363636364,0.9067164179104478,383.0,150.0,167.0,1458.0,0.9294564163413951,0.8122247519581083,0.7647058823529411,0.7138103161397671,0.8234165067178503,0.8949297495418448,429.0,172.0,92.0,1465.0,0.9072034761849307,0.8237785955972808,0.7317574511819116,0.7463312368972747,0.717741935483871,0.9271961492178099,356.0,121.0,140.0,1541.0,0.8906013463458627,0.6477029130535058,0.6048387096774194,0.6410256410256411,0.5725190839694656,0.9556962025316456,150.0,84.0,112.0,1812.0
ref_msca_mamba_mv,2025,121149,13,20,3339.4309396743774,ref,mv,0.9183658315300096,0.9300102964108413,0.794098249544211,0.7401808344109039,0.7737425404944587,0.7725277665767198,0.5941286113699907,0.9423292494757805,0.924668858240997,0.8584114454859398,0.8115671641791045,0.9109947643979057,0.8303946263643996,870.0,202.0,85.0,989.0,0.9109231585258981,0.8024231329724185,0.7370242214532872,0.6915584415584416,0.7888888888888889,0.8816936488169365,426.0,190.0,114.0,1416.0,0.927281155185976,0.7895082697074913,0.7527426160337553,0.6788432267884322,0.8446969696969697,0.869592088998764,446.0,211.0,82.0,1407.0,0.9291130566721117,0.8481983713159866,0.7687564234326825,0.7824267782426778,0.7555555555555555,0.937007874015748,374.0,104.0,121.0,1547.0,0.8821825377902818,0.6056926154841616,0.583969465648855,0.59765625,0.5708955223880597,0.9451544195953142,153.0,103.0,115.0,1775.0,0.9142117779013745,0.9276123203436961,0.7982778320666559,0.7302672970078581,0.7634644605774101,0.762127186959148,0.5834105653382762,0.9406987404250142,0.9241813492022282,0.8517441860465116,0.7983651226158038,0.9127725856697819,0.8142259414225942,879.0,222.0,84.0,973.0,0.9085832202623246,0.7951265132979088,0.7223168654173765,0.6794871794871795,0.7709090909090909,0.8756218905472637,424.0,200.0,126.0,1408.0,0.9327382494779435,0.8136410936976539,0.7530017152658662,0.6806201550387597,0.8426103646833013,0.874160048869884,439.0,206.0,82.0,1431.0,0.9049617153837196,0.8209699263625018,0.7311178247734139,0.7303822937625755,0.7318548387096774,0.9193742478941035,363.0,134.0,133.0,1528.0,0.8840769639578704,0.6374702777729871,0.5931558935361216,0.5909090909090909,0.5954198473282443,0.9430379746835443,156.0,108.0,106.0,1788.0
ref_msca_mamba_mv,42,121149,13,20,3272.643540620804,ref,mv,0.9215467347867815,0.9324409189885552,0.8026848426761054,0.7417148267585665,0.7741143458435636,0.7739363878891921,0.6109040074557316,0.94560864423842,0.9291374829981038,0.8632098765432099,0.8168224299065421,0.9151832460732985,0.8354324097397146,874.0,196.0,81.0,995.0,0.915315252986486,0.8161537527169643,0.7374301675977654,0.7415730337078652,0.7333333333333333,0.9140722291407223,396.0,138.0,144.0,1468.0,0.9313487938719707,0.7945184088569485,0.7528089887640449,0.7444444444444445,0.7613636363636364,0.9147095179233622,402.0,138.0,126.0,1480.0,0.9280986729805628,0.8476363864435172,0.7619047619047619,0.8,0.7272727272727273,0.9454875832828589,360.0,90.0,135.0,1561.0,0.8873623098564685,0.6259781823649935,0.5932203389830508,0.5434782608695652,0.6529850746268657,0.9217252396166135,175.0,147.0,93.0,1731.0,0.9150433642114668,0.9273896196112066,0.7996974581785633,0.7283144113157518,0.7617366749029297,0.7603398155536869,0.608433734939759,0.9409516112914227,0.9214729829062973,0.8533852898197759,0.8036697247706422,0.9096573208722741,0.8209205020920503,876.0,214.0,87.0,981.0,0.9106354590682948,0.7985116164905233,0.7168784029038112,0.7155797101449275,0.7181818181818181,0.902363184079602,395.0,157.0,155.0,1451.0,0.9301610900516721,0.8096046647244037,0.7524366471734892,0.7643564356435644,0.7408829174664108,0.9273060476481368,386.0,119.0,135.0,1518.0,0.9063640289585033,0.8212784186401609,0.7231270358306189,0.7835294117647059,0.6713709677419355,0.9446450060168472,333.0,92.0,163.0,1570.0,0.8871046316874416,0.6476196081314313,0.5957446808510638,0.5562913907284768,0.6412213740458015,0.929324894514768,168.0,134.0,94.0,1762.0
ref_msca_mamba_mv,456,121149,15,22,3615.933712244034,ref,mv,0.9169453221856221,0.9225846178092304,0.7921839428462837,0.7372415230104853,0.7699386503067485,0.7716147274079995,0.5885368126747437,0.9363946879080011,0.9148491746280155,0.8570009930486594,0.8149197355996223,0.9036649214659686,0.8354324097397146,863.0,196.0,92.0,995.0,0.9158030072413634,0.8110835622997701,0.7432432432432432,0.6832298136645962,0.8148148148148148,0.8729763387297634,440.0,204.0,100.0,1402.0,0.931420197025883,0.7912505422613165,0.7666068222621185,0.7286689419795221,0.8087121212121212,0.9017305315203955,427.0,159.0,101.0,1459.0,0.9234562462908921,0.8437947207120192,0.7558386411889597,0.796420581655481,0.7191919191919192,0.9448818897637795,356.0,91.0,139.0,1560.0,0.8776524724619713,0.5999417143302969,0.5635179153094463,0.5,0.6455223880597015,0.9078807241746539,173.0,173.0,95.0,1705.0,0.9173782196775981,0.9245267978885837,0.8036145287692543,0.7320690240595147,0.7647358586716494,0.7661648248171816,0.5797034291010195,0.9411002055118897,0.9216919288409557,0.8616136919315404,0.8142329020332717,0.9148494288681205,0.8317991631799163,881.0,201.0,82.0,994.0,0.9178720036182724,0.8075158536403696,0.7268211920529801,0.6671732522796353,0.7981818181818182,0.8638059701492538,439.0,219.0,111.0,1389.0,0.9325318891235196,0.8218913692964505,0.7640036730945822,0.7323943661971831,0.7984644913627639,0.9071472205253512,416.0,152.0,105.0,1485.0,0.9097921761577578,0.8256180354638821,0.7219193020719739,0.7862232779097387,0.6673387096774194,0.9458483754512635,331.0,90.0,165.0,1572.0,0.8855948239765516,0.6413554566046136,0.5859872611464968,0.5027322404371585,0.7022900763358778,0.9040084388185654,184.0,182.0,78.0,1714.0
ref_msca_mamba_mv,789,121149,17,24,3965.739598751068,ref,mv,0.9201245476529512,0.931292603500888,0.7995267190806841,0.7337495072515499,0.7676944639103014,0.7668915755724439,0.6043802423112767,0.9446081211178077,0.9285563126847729,0.8574338085539714,0.8344895936570862,0.881675392670157,0.8597816960537363,842.0,167.0,113.0,1024.0,0.9169364881693649,0.8141334606202424,0.7307343608340888,0.7158081705150977,0.7462962962962963,0.900373599003736,403.0,160.0,137.0,1446.0,0.9291832883844628,0.7919696381009325,0.7510339123242349,0.6666666666666666,0.8598484848484849,0.8597033374536465,454.0,227.0,74.0,1391.0,0.9216881106644887,0.8449655284678788,0.75,0.8288508557457213,0.6848484848484848,0.9576014536644458,339.0,70.0,156.0,1581.0,0.8882067299286317,0.6180086555295937,0.5795454545454546,0.5884615384615385,0.5708955223880597,0.943024494142705,153.0,107.0,115.0,1771.0,0.9164900157685951,0.9290710929881468,0.806421981293975,0.7322509497451358,0.765682334439979,0.7642570367515499,0.6042632066728453,0.9411975303814353,0.9230041905910673,0.85401096163428,0.8208812260536399,0.8899273104880582,0.8435146443514644,857.0,187.0,106.0,1008.0,0.917498869289914,0.8199351219111622,0.7384615384615385,0.7351351351351352,0.7418181818181818,0.9085820895522388,408.0,147.0,142.0,1461.0,0.9312456544144114,0.8192605757448551,0.7566182749786508,0.6815384615384615,0.8502879078694817,0.8735491753207086,443.0,207.0,78.0,1430.0,0.9004794068553239,0.8176984844131495,0.7147613762486127,0.7950617283950617,0.6491935483870968,0.9500601684717208,322.0,83.0,174.0,1579.0,0.8920286179018906,0.6522115338096413,0.5974025974025974,0.5812274368231047,0.6145038167938931,0.9388185654008439,161.0,116.0,101.0,1780.0
voltkd,123,112364,15,24,1627.4447989463806,ours,mv,0.9352432394704795,0.9445327630817012,0.8279896822965538,0.7627561510658943,0.7980683240922912,0.7948832453232026,0.6505125815470643,0.9494322602766824,0.9341943633814248,0.872308462694041,0.8358925143953935,0.912041884816754,0.8564231738035264,871.0,171.0,84.0,1020.0,0.9425280199252802,0.8663957144052009,0.77737881508079,0.7543554006968641,0.8018518518518518,0.9122042341220423,433.0,141.0,107.0,1465.0,0.9399686762557591,0.811324764045213,0.7704918032786885,0.7421052631578947,0.8011363636363636,0.9091470951792336,423.0,147.0,105.0,1471.0,0.9446897809102534,0.8828830005104479,0.7991218441273326,0.875,0.7353535353535353,0.968503937007874,364.0,52.0,131.0,1599.0,0.8995974599844228,0.6451505691404825,0.5944798301486199,0.6896551724137931,0.5223880597014925,0.9664536741214057,140.0,63.0,128.0,1815.0,0.9303483726501203,0.9409111321526655,0.8287270313523283,0.7532334195380075,0.7912872701303338,0.7872506545955414,0.6399443929564411,0.9520292669786276,0.933688466266189,0.8684596577017115,0.8207024029574861,0.9221183800623053,0.8376569037656904,888.0,194.0,75.0,1001.0,0.9349332881049299,0.8580101104775879,0.771806167400881,0.7487179487179487,0.7963636363636364,0.9085820895522388,438.0,147.0,112.0,1461.0,0.9429566045279683,0.844982801505669,0.7826904985888994,0.7675276752767528,0.7984644913627639,0.9230299328039095,416.0,126.0,105.0,1511.0,0.9264161426186871,0.8632744024208623,0.7584650112866818,0.8615384615384616,0.6774193548387096,0.9675090252707581,336.0,54.0,160.0,1608.0,0.8954065610203884,0.6436793760913333,0.5847457627118644,0.6571428571428571,0.5267175572519084,0.9620253164556962,138.0,72.0,124.0,1824.0
voltkd,2025,112364,16,24,1615.2208368778229,ours,mv,0.9344186781115665,0.9431551640377113,0.8272795418627485,0.7604033682611164,0.78884873515746,0.790856285245886,0.6211556383970177,0.9494120388076367,0.9343476593134392,0.8649453823237339,0.8224740321057602,0.912041884816754,0.8421494542401343,871.0,188.0,84.0,1003.0,0.9381313131313131,0.8570635057105064,0.7683823529411765,0.7627737226277372,0.774074074074074,0.9190535491905355,418.0,130.0,122.0,1476.0,0.9387747218788628,0.8079551935645205,0.7687016337059329,0.7039370078740157,0.8465909090909091,0.8838071693448702,447.0,188.0,81.0,1430.0,0.9405649468641596,0.881573504336403,0.7987012987012987,0.8601398601398601,0.7454545454545455,0.9636583888552392,369.0,60.0,126.0,1591.0,0.9052103698758602,0.6554578463888728,0.6012861736334405,0.5282485875706214,0.6977611940298507,0.9110756123535676,187.0,167.0,81.0,1711.0,0.9277376383185032,0.9386342824961255,0.8254567569212835,0.7534979115396763,0.7855181880576527,0.7865197745574437,0.6107506950880445,0.9502035567025987,0.9291834424855798,0.8670855485741904,0.8110307414104883,0.9314641744548287,0.8251046025104602,897.0,209.0,66.0,986.0,0.9348575305291724,0.8530307065778938,0.7621621621621621,0.7553571428571428,0.769090909090909,0.9148009950248757,423.0,137.0,127.0,1471.0,0.9403360625271875,0.8314296285054985,0.7824529991047449,0.7332214765100671,0.8387715930902111,0.902871105681124,437.0,159.0,84.0,1478.0,0.9210349462365592,0.8552559541907545,0.764512595837897,0.8369304556354916,0.7036290322580645,0.9590854392298436,349.0,68.0,147.0,1594.0,0.8922560955969981,0.6583840528466909,0.5912762520193862,0.5126050420168067,0.6984732824427481,0.9082278481012658,183.0,174.0,79.0,1722.0
voltkd,42,112364,16,24,1625.7213418483734,ours,mv,0.9351264706659368,0.9440891968835692,0.8293958405957957,0.7605430394531721,0.7927958833619211,0.7919512401883283,0.6216216216216216,0.949832293686066,0.9352032583885239,0.8685714285714285,0.7965065502183406,0.9549738219895288,0.8043660789252729,912.0,233.0,43.0,958.0,0.9406738619067385,0.8620816794637971,0.7700631199278629,0.7504393673110721,0.7907407407407407,0.9115815691158157,427.0,142.0,113.0,1464.0,0.9395882496160616,0.8138722212650227,0.7723502304147466,0.7522441651705566,0.7935606060606061,0.9147095179233622,419.0,138.0,109.0,1480.0,0.9419488647835104,0.8806435887230654,0.7941483803552769,0.8225108225108225,0.7676767676767676,0.9503331314354937,380.0,82.0,115.0,1569.0,0.903589083337307,0.6551784551385695,0.5975820379965457,0.5562700964630225,0.6455223880597015,0.9265175718849841,173.0,138.0,95.0,1740.0,0.930073620967271,0.9408544605707301,0.8299081258130675,0.7552905887279884,0.7871830020562028,0.7858756496193596,0.6126042632066728,0.9503847373749224,0.929465437112246,0.8592800374006545,0.7814625850340136,0.9543094496365524,0.7849372384937239,919.0,257.0,44.0,938.0,0.9374118046132971,0.8626759418549321,0.7684210526315789,0.7423728813559322,0.7963636363636364,0.9054726368159204,438.0,152.0,112.0,1456.0,0.943106684785731,0.8398281363902381,0.779467680608365,0.7721280602636534,0.7869481765834933,0.9260843005497862,410.0,121.0,111.0,1516.0,0.9264840747641785,0.8568258113870147,0.7657754010695187,0.8154897494305239,0.7217741935483871,0.9512635379061372,358.0,81.0,138.0,1581.0,0.8929808032982254,0.6607453023209072,0.6035087719298246,0.5584415584415584,0.6564885496183206,0.9282700421940928,172.0,136.0,90.0,1760.0
voltkd,456,112364,16,24,1624.4975860118866,ours,mv,0.9338928242424778,0.9422883190228225,0.8274299473461706,0.7596832930446697,0.7902157295736368,0.789212855975739,0.6099720410065238,0.9484264619902321,0.9349897756135769,0.8634828750602991,0.8005366726296959,0.93717277486911,0.8127623845507976,895.0,223.0,60.0,968.0,0.9388669803053364,0.8563645570100071,0.7590870667793744,0.6982892690513219,0.8314814814814815,0.8792029887920298,449.0,194.0,91.0,1412.0,0.9368304491141327,0.8036158655146094,0.7690956979806848,0.7168576104746317,0.8295454545454546,0.8930778739184178,438.0,173.0,90.0,1445.0,0.9416160392538346,0.8820643475363162,0.7978947368421052,0.832967032967033,0.7656565656565657,0.9539672925499697,379.0,76.0,116.0,1575.0,0.9037241905488531,0.6601151910563434,0.6088560885608856,0.6021897810218978,0.6156716417910447,0.9419595314164004,165.0,109.0,103.0,1769.0,0.9301962423175159,0.9402581214787936,0.8252080140432453,0.7550843972022993,0.7885170715135044,0.7865581799178569,0.607970342910102,0.9519180385562898,0.9344631697399738,0.8609271523178808,0.790616854908775,0.944963655244029,0.798326359832636,910.0,241.0,53.0,954.0,0.9363444142921754,0.8596895501017969,0.7667785234899329,0.7118380062305296,0.8309090909090909,0.8849502487562189,457.0,185.0,93.0,1423.0,0.9397240164759982,0.8339236517125764,0.7732142857142857,0.7228714524207012,0.8310940499040307,0.8985949908368968,433.0,166.0,88.0,1471.0,0.9276364950894763,0.8626708993806399,0.7790821771611526,0.8276643990929705,0.7358870967741935,0.9542719614921781,365.0,76.0,131.0,1586.0,0.8953582471736399,0.6352927992812396,0.5954198473282443,0.5954198473282443,0.5954198473282443,0.9440928270042194,156.0,106.0,106.0,1790.0
voltkd,789,112364,17,24,1623.2604863643646,ours,mv,0.9360089518234262,0.9450414386708395,0.8284608924413842,0.7616235623272356,0.7915459348900631,0.7916616963970075,0.6202236719478099,0.9496415085215908,0.9351276269899493,0.8663729809104258,0.8134191176470589,0.9267015706806283,0.8295549958018472,885.0,203.0,70.0,988.0,0.9419134265024677,0.8611876039083058,0.7716535433070866,0.7313432835820896,0.8166666666666667,0.8991282689912827,441.0,162.0,99.0,1444.0,0.9394161797205679,0.8106958289865557,0.7738607050730868,0.7086614173228346,0.8522727272727273,0.8856613102595797,450.0,185.0,78.0,1433.0,0.941326040538639,0.8828967300411182,0.7872340425531915,0.8314606741573034,0.7474747474747475,0.9545729860690491,370.0,75.0,125.0,1576.0,0.9077476038338659,0.6523966722809915,0.6089965397923875,0.567741935483871,0.6567164179104478,0.9286474973375932,176.0,134.0,92.0,1744.0,0.9305525268090147,0.9416450638447578,0.8277582709933722,0.7540327867064558,0.7883831521739131,0.7875203394757184,0.6126042632066728,0.9510108317365972,0.9322912119513075,0.8659003831417624,0.8035555555555556,0.9387331256490135,0.8150627615062761,904.0,221.0,59.0,974.0,0.9390174129353235,0.8657916428740754,0.769098712446352,0.7284552845528456,0.8145454545454546,0.8961442786069652,448.0,167.0,102.0,1441.0,0.942171028178741,0.832683282966038,0.7781629116117851,0.7093206951026856,0.8618042226487524,0.887599266951741,449.0,184.0,72.0,1453.0,0.9239026532355112,0.8583913534622377,0.7732181425485961,0.8325581395348837,0.7217741935483871,0.9566787003610109,358.0,72.0,138.0,1590.0,0.896660707958901,0.6496338637132022,0.5837837837837838,0.552901023890785,0.6183206106870229,0.9309071729957806,162.0,131.0,100.0,1765.0
